user_id,is_fraud,ring_type,ring_id
u_0,0,none,-1
u_1,0,none,-1
u_2,0,none,-1
u_3,0,none,-1
u_4,0,none,-1
u_5,0,none,-1
u_6,0,none,-1
u_7,0,none,-1
u_8,0,none,-1
u_9,0,none,-1
u_10,0,none,-1
u_11,0,none,-1
u_12,0,none,-1
u_13,0,none,-1
u_14,0,none,-1
u_15,0,none,-1
u_16,0,none,-1
u_17,0,none,-1
u_18,0,none,-1
u_19,0,none,-1
u_20,0,none,-1
u_21,0,none,-1
u_22,0,none,-1
u_23,0,none,-1
u_24,0,none,-1
u_25,0,none,-1
u_26,0,none,-1
u_27,0,none,-1
u_28,0,none,-1
u_29,0,none,-1
u_30,0,none,-1
u_31,0,none,-1
u_32,0,none,-1
u_33,0,none,-1
u_34,0,none,-1
u_35,0,none,-1
u_36,0,none,-1
u_37,0,none,-1
u_38,0,none,-1
u_39,0,none,-1
u_40,0,none,-1
u_41,0,none,-1
u_42,0,none,-1
u_43,0,none,-1
u_44,0,none,-1
u_45,0,none,-1
u_46,0,none,-1
u_47,0,none,-1
u_48,0,none,-1
u_49,0,none,-1
u_50,0,none,-1
u_51,0,none,-1
u_52,0,none,-1
u_53,0,none,-1
u_54,0,none,-1
u_55,0,none,-1
u_56,0,none,-1
u_57,0,none,-1
u_58,0,none,-1
u_59,0,none,-1
u_60,0,none,-1
u_61,0,none,-1
u_62,0,none,-1
u_63,0,none,-1
u_64,0,none,-1
u_65,0,none,-1
u_66,0,none,-1
u_67,0,none,-1
u_68,0,none,-1
u_69,0,none,-1
u_70,0,none,-1
u_71,0,none,-1
u_72,0,none,-1
u_73,0,none,-1
u_74,0,none,-1
u_75,0,none,-1
u_76,0,none,-1
u_77,0,none,-1
u_78,0,none,-1
u_79,0,none,-1
u_80,0,none,-1
u_81,0,none,-1
u_82,0,none,-1
u_83,0,none,-1
u_84,0,none,-1
u_85,0,none,-1
u_86,0,none,-1
u_87,0,none,-1
u_88,0,none,-1
u_89,0,none,-1
u_90,0,none,-1
u_91,0,none,-1
u_92,0,none,-1
u_93,0,none,-1
u_94,0,none,-1
u_95,0,none,-1
u_96,0,none,-1
u_97,0,none,-1
u_98,0,none,-1
u_99,0,none,-1
u_100,0,none,-1
u_101,0,none,-1
u_102,0,none,-1
u_103,0,none,-1
u_104,0,none,-1
u_105,0,none,-1
u_106,0,none,-1
u_107,0,none,-1
u_108,0,none,-1
u_109,0,none,-1
u_110,0,none,-1
u_111,0,none,-1
u_112,0,none,-1
u_113,0,none,-1
u_114,0,none,-1
u_115,0,none,-1
u_116,0,none,-1
u_117,0,none,-1
u_118,0,none,-1
u_119,0,none,-1
u_120,0,none,-1
u_121,0,none,-1
u_122,0,none,-1
u_123,0,none,-1
u_124,0,none,-1
u_125,0,none,-1
u_126,0,none,-1
u_127,0,none,-1
u_128,0,none,-1
u_129,0,none,-1
u_130,0,none,-1
u_131,0,none,-1
u_132,0,none,-1
u_133,0,none,-1
u_134,0,none,-1
u_135,0,none,-1
u_136,0,none,-1
u_137,0,none,-1
u_138,0,none,-1
u_139,0,none,-1
u_140,0,none,-1
u_141,0,none,-1
u_142,0,none,-1
u_143,0,none,-1
u_144,0,none,-1
u_145,0,none,-1
u_146,0,none,-1
u_147,0,none,-1
u_148,0,none,-1
u_149,0,none,-1
u_150,0,none,-1
u_151,0,none,-1
u_152,0,none,-1
u_153,0,none,-1
u_154,0,none,-1
u_155,0,none,-1
u_156,0,none,-1
u_157,0,none,-1
u_158,0,none,-1
u_159,0,none,-1
u_160,0,none,-1
u_161,0,none,-1
u_162,0,none,-1
u_163,0,none,-1
u_164,0,none,-1
u_165,0,none,-1
u_166,0,none,-1
u_167,0,none,-1
u_168,0,none,-1
u_169,0,none,-1
u_170,0,none,-1
u_171,0,none,-1
u_172,0,none,-1
u_173,0,none,-1
u_174,0,none,-1
u_175,0,none,-1
u_176,0,none,-1
u_177,0,none,-1
u_178,0,none,-1
u_179,0,none,-1
u_180,0,none,-1
u_181,0,none,-1
u_182,0,none,-1
u_183,0,none,-1
u_184,0,none,-1
u_185,0,none,-1
u_186,0,none,-1
u_187,0,none,-1
u_188,0,none,-1
u_189,0,none,-1
u_190,0,none,-1
u_191,0,none,-1
u_192,0,none,-1
u_193,0,none,-1
u_194,0,none,-1
u_195,0,none,-1
u_196,0,none,-1
u_197,0,none,-1
u_198,0,none,-1
u_199,0,none,-1
u_200,0,none,-1
u_201,0,none,-1
u_202,0,none,-1
u_203,0,none,-1
u_204,0,none,-1
u_205,0,none,-1
u_206,0,none,-1
u_207,0,none,-1
u_208,0,none,-1
u_209,0,none,-1
u_210,0,none,-1
u_211,0,none,-1
u_212,0,none,-1
u_213,0,none,-1
u_214,0,none,-1
u_215,0,none,-1
u_216,0,none,-1
u_217,0,none,-1
u_218,0,none,-1
u_219,0,none,-1
u_220,0,none,-1
u_221,0,none,-1
u_222,0,none,-1
u_223,0,none,-1
u_224,0,none,-1
u_225,0,none,-1
u_226,0,none,-1
u_227,0,none,-1
u_228,0,none,-1
u_229,0,none,-1
u_230,0,none,-1
u_231,0,none,-1
u_232,0,none,-1
u_233,0,none,-1
u_234,0,none,-1
u_235,0,none,-1
u_236,0,none,-1
u_237,0,none,-1
u_238,0,none,-1
u_239,0,none,-1
u_240,0,none,-1
u_241,0,none,-1
u_242,0,none,-1
u_243,0,none,-1
u_244,0,none,-1
u_245,0,none,-1
u_246,0,none,-1
u_247,0,none,-1
u_248,0,none,-1
u_249,0,none,-1
u_250,0,none,-1
u_251,0,none,-1
u_252,0,none,-1
u_253,0,none,-1
u_254,0,none,-1
u_255,0,none,-1
u_256,0,none,-1
u_257,0,none,-1
u_258,0,none,-1
u_259,0,none,-1
u_260,0,none,-1
u_261,0,none,-1
u_262,0,none,-1
u_263,0,none,-1
u_264,0,none,-1
u_265,0,none,-1
u_266,0,none,-1
u_267,0,none,-1
u_268,0,none,-1
u_269,0,none,-1
u_270,0,none,-1
u_271,0,none,-1
u_272,0,none,-1
u_273,0,none,-1
u_274,0,none,-1
u_275,0,none,-1
u_276,0,none,-1
u_277,0,none,-1
u_278,0,none,-1
u_279,0,none,-1
u_280,0,none,-1
u_281,0,none,-1
u_282,0,none,-1
u_283,0,none,-1
u_284,0,none,-1
u_285,0,none,-1
u_286,0,none,-1
u_287,0,none,-1
u_288,0,none,-1
u_289,0,none,-1
u_290,0,none,-1
u_291,0,none,-1
u_292,0,none,-1
u_293,0,none,-1
u_294,0,none,-1
u_295,0,none,-1
u_296,0,none,-1
u_297,0,none,-1
u_298,0,none,-1
u_299,0,none,-1
u_300,0,none,-1
u_301,0,none,-1
u_302,0,none,-1
u_303,0,none,-1
u_304,0,none,-1
u_305,0,none,-1
u_306,0,none,-1
u_307,0,none,-1
u_308,0,none,-1
u_309,0,none,-1
u_310,0,none,-1
u_311,0,none,-1
u_312,0,none,-1
u_313,0,none,-1
u_314,0,none,-1
u_315,0,none,-1
u_316,0,none,-1
u_317,0,none,-1
u_318,0,none,-1
u_319,0,none,-1
u_320,0,none,-1
u_321,0,none,-1
u_322,0,none,-1
u_323,0,none,-1
u_324,0,none,-1
u_325,0,none,-1
u_326,0,none,-1
u_327,0,none,-1
u_328,0,none,-1
u_329,0,none,-1
u_330,0,none,-1
u_331,0,none,-1
u_332,0,none,-1
u_333,0,none,-1
u_334,0,none,-1
u_335,0,none,-1
u_336,0,none,-1
u_337,0,none,-1
u_338,0,none,-1
u_339,0,none,-1
u_340,0,none,-1
u_341,0,none,-1
u_342,0,none,-1
u_343,0,none,-1
u_344,0,none,-1
u_345,0,none,-1
u_346,0,none,-1
u_347,0,none,-1
u_348,0,none,-1
u_349,0,none,-1
u_350,0,none,-1
u_351,0,none,-1
u_352,0,none,-1
u_353,0,none,-1
u_354,0,none,-1
u_355,0,none,-1
u_356,0,none,-1
u_357,0,none,-1
u_358,0,none,-1
u_359,0,none,-1
u_360,0,none,-1
u_361,0,none,-1
u_362,0,none,-1
u_363,0,none,-1
u_364,0,none,-1
u_365,0,none,-1
u_366,0,none,-1
u_367,0,none,-1
u_368,0,none,-1
u_369,0,none,-1
u_370,0,none,-1
u_371,0,none,-1
u_372,0,none,-1
u_373,0,none,-1
u_374,0,none,-1
u_375,0,none,-1
u_376,0,none,-1
u_377,0,none,-1
u_378,0,none,-1
u_379,0,none,-1
u_380,0,none,-1
u_381,0,none,-1
u_382,0,none,-1
u_383,0,none,-1
u_384,0,none,-1
u_385,0,none,-1
u_386,0,none,-1
u_387,0,none,-1
u_388,0,none,-1
u_389,0,none,-1
u_390,0,none,-1
u_391,0,none,-1
u_392,0,none,-1
u_393,0,none,-1
u_394,0,none,-1
u_395,0,none,-1
u_396,0,none,-1
u_397,0,none,-1
u_398,0,none,-1
u_399,0,none,-1
u_400,0,none,-1
u_401,0,none,-1
u_402,0,none,-1
u_403,0,none,-1
u_404,0,none,-1
u_405,0,none,-1
u_406,0,none,-1
u_407,0,none,-1
u_408,0,none,-1
u_409,0,none,-1
u_410,0,none,-1
u_411,0,none,-1
u_412,0,none,-1
u_413,0,none,-1
u_414,0,none,-1
u_415,0,none,-1
u_416,0,none,-1
u_417,0,none,-1
u_418,0,none,-1
u_419,0,none,-1
u_420,0,none,-1
u_421,0,none,-1
u_422,0,none,-1
u_423,0,none,-1
u_424,0,none,-1
u_425,0,none,-1
u_426,0,none,-1
u_427,0,none,-1
u_428,0,none,-1
u_429,0,none,-1
u_430,0,none,-1
u_431,0,none,-1
u_432,0,none,-1
u_433,0,none,-1
u_434,0,none,-1
u_435,0,none,-1
u_436,0,none,-1
u_437,0,none,-1
u_438,0,none,-1
u_439,0,none,-1
u_440,0,none,-1
u_441,0,none,-1
u_442,0,none,-1
u_443,0,none,-1
u_444,0,none,-1
u_445,0,none,-1
u_446,0,none,-1
u_447,0,none,-1
u_448,0,none,-1
u_449,0,none,-1
u_450,0,none,-1
u_451,0,none,-1
u_452,0,none,-1
u_453,0,none,-1
u_454,0,none,-1
u_455,0,none,-1
u_456,0,none,-1
u_457,0,none,-1
u_458,0,none,-1
u_459,0,none,-1
u_460,0,none,-1
u_461,0,none,-1
u_462,0,none,-1
u_463,0,none,-1
u_464,0,none,-1
u_465,0,none,-1
u_466,0,none,-1
u_467,0,none,-1
u_468,0,none,-1
u_469,0,none,-1
u_470,0,none,-1
u_471,0,none,-1
u_472,0,none,-1
u_473,0,none,-1
u_474,0,none,-1
u_475,0,none,-1
u_476,0,none,-1
u_477,0,none,-1
u_478,0,none,-1
u_479,0,none,-1
u_480,0,none,-1
u_481,0,none,-1
u_482,0,none,-1
u_483,0,none,-1
u_484,0,none,-1
u_485,0,none,-1
u_486,0,none,-1
u_487,0,none,-1
u_488,0,none,-1
u_489,0,none,-1
u_490,0,none,-1
u_491,0,none,-1
u_492,0,none,-1
u_493,0,none,-1
u_494,0,none,-1
u_495,0,none,-1
u_496,0,none,-1
u_497,0,none,-1
u_498,0,none,-1
u_499,0,none,-1
u_500,0,none,-1
u_501,0,none,-1
u_502,0,none,-1
u_503,0,none,-1
u_504,0,none,-1
u_505,0,none,-1
u_506,0,none,-1
u_507,0,none,-1
u_508,0,none,-1
u_509,0,none,-1
u_510,0,none,-1
u_511,0,none,-1
u_512,0,none,-1
u_513,0,none,-1
u_514,0,none,-1
u_515,0,none,-1
u_516,0,none,-1
u_517,0,none,-1
u_518,0,none,-1
u_519,0,none,-1
u_520,0,none,-1
u_521,0,none,-1
u_522,0,none,-1
u_523,0,none,-1
u_524,0,none,-1
u_525,0,none,-1
u_526,0,none,-1
u_527,0,none,-1
u_528,0,none,-1
u_529,0,none,-1
u_530,0,none,-1
u_531,0,none,-1
u_532,0,none,-1
u_533,0,none,-1
u_534,0,none,-1
u_535,0,none,-1
u_536,0,none,-1
u_537,0,none,-1
u_538,0,none,-1
u_539,0,none,-1
u_540,0,none,-1
u_541,0,none,-1
u_542,0,none,-1
u_543,0,none,-1
u_544,0,none,-1
u_545,0,none,-1
u_546,0,none,-1
u_547,0,none,-1
u_548,0,none,-1
u_549,0,none,-1
u_550,0,none,-1
u_551,0,none,-1
u_552,0,none,-1
u_553,0,none,-1
u_554,0,none,-1
u_555,0,none,-1
u_556,0,none,-1
u_557,0,none,-1
u_558,0,none,-1
u_559,0,none,-1
u_560,0,none,-1
u_561,0,none,-1
u_562,0,none,-1
u_563,0,none,-1
u_564,0,none,-1
u_565,0,none,-1
u_566,0,none,-1
u_567,0,none,-1
u_568,0,none,-1
u_569,0,none,-1
u_570,0,none,-1
u_571,0,none,-1
u_572,0,none,-1
u_573,0,none,-1
u_574,0,none,-1
u_575,0,none,-1
u_576,0,none,-1
u_577,0,none,-1
u_578,0,none,-1
u_579,0,none,-1
u_580,0,none,-1
u_581,0,none,-1
u_582,0,none,-1
u_583,0,none,-1
u_584,0,none,-1
u_585,0,none,-1
u_586,0,none,-1
u_587,0,none,-1
u_588,0,none,-1
u_589,0,none,-1
u_590,0,none,-1
u_591,0,none,-1
u_592,0,none,-1
u_593,0,none,-1
u_594,0,none,-1
u_595,0,none,-1
u_596,0,none,-1
u_597,0,none,-1
u_598,0,none,-1
u_599,0,none,-1
u_600,0,none,-1
u_601,0,none,-1
u_602,0,none,-1
u_603,0,none,-1
u_604,0,none,-1
u_605,0,none,-1
u_606,0,none,-1
u_607,0,none,-1
u_608,0,none,-1
u_609,0,none,-1
u_610,0,none,-1
u_611,0,none,-1
u_612,0,none,-1
u_613,0,none,-1
u_614,0,none,-1
u_615,0,none,-1
u_616,0,none,-1
u_617,0,none,-1
u_618,0,none,-1
u_619,0,none,-1
u_620,0,none,-1
u_621,0,none,-1
u_622,0,none,-1
u_623,0,none,-1
u_624,0,none,-1
u_625,0,none,-1
u_626,0,none,-1
u_627,0,none,-1
u_628,0,none,-1
u_629,0,none,-1
u_630,0,none,-1
u_631,0,none,-1
u_632,0,none,-1
u_633,0,none,-1
u_634,0,none,-1
u_635,0,none,-1
u_636,0,none,-1
u_637,0,none,-1
u_638,0,none,-1
u_639,0,none,-1
u_640,0,none,-1
u_641,0,none,-1
u_642,0,none,-1
u_643,0,none,-1
u_644,0,none,-1
u_645,0,none,-1
u_646,0,none,-1
u_647,0,none,-1
u_648,0,none,-1
u_649,0,none,-1
u_650,0,none,-1
u_651,0,none,-1
u_652,0,none,-1
u_653,0,none,-1
u_654,0,none,-1
u_655,0,none,-1
u_656,0,none,-1
u_657,0,none,-1
u_658,0,none,-1
u_659,0,none,-1
u_660,0,none,-1
u_661,0,none,-1
u_662,0,none,-1
u_663,0,none,-1
u_664,0,none,-1
u_665,0,none,-1
u_666,0,none,-1
u_667,0,none,-1
u_668,0,none,-1
u_669,0,none,-1
u_670,0,none,-1
u_671,0,none,-1
u_672,0,none,-1
u_673,0,none,-1
u_674,0,none,-1
u_675,0,none,-1
u_676,0,none,-1
u_677,0,none,-1
u_678,0,none,-1
u_679,0,none,-1
u_680,0,none,-1
u_681,0,none,-1
u_682,0,none,-1
u_683,0,none,-1
u_684,0,none,-1
u_685,0,none,-1
u_686,0,none,-1
u_687,0,none,-1
u_688,0,none,-1
u_689,0,none,-1
u_690,0,none,-1
u_691,0,none,-1
u_692,0,none,-1
u_693,0,none,-1
u_694,0,none,-1
u_695,0,none,-1
u_696,0,none,-1
u_697,0,none,-1
u_698,0,none,-1
u_699,0,none,-1
u_700,0,none,-1
u_701,0,none,-1
u_702,0,none,-1
u_703,0,none,-1
u_704,0,none,-1
u_705,0,none,-1
u_706,0,none,-1
u_707,0,none,-1
u_708,0,none,-1
u_709,0,none,-1
u_710,0,none,-1
u_711,0,none,-1
u_712,0,none,-1
u_713,0,none,-1
u_714,0,none,-1
u_715,0,none,-1
u_716,0,none,-1
u_717,0,none,-1
u_718,0,none,-1
u_719,0,none,-1
u_720,0,none,-1
u_721,0,none,-1
u_722,0,none,-1
u_723,0,none,-1
u_724,0,none,-1
u_725,0,none,-1
u_726,0,none,-1
u_727,0,none,-1
u_728,0,none,-1
u_729,0,none,-1
u_730,0,none,-1
u_731,0,none,-1
u_732,0,none,-1
u_733,0,none,-1
u_734,0,none,-1
u_735,0,none,-1
u_736,0,none,-1
u_737,0,none,-1
u_738,0,none,-1
u_739,0,none,-1
u_740,0,none,-1
u_741,0,none,-1
u_742,0,none,-1
u_743,0,none,-1
u_744,0,none,-1
u_745,0,none,-1
u_746,0,none,-1
u_747,0,none,-1
u_748,0,none,-1
u_749,0,none,-1
u_750,0,none,-1
u_751,0,none,-1
u_752,0,none,-1
u_753,0,none,-1
u_754,0,none,-1
u_755,0,none,-1
u_756,0,none,-1
u_757,0,none,-1
u_758,0,none,-1
u_759,0,none,-1
u_760,0,none,-1
u_761,0,none,-1
u_762,0,none,-1
u_763,0,none,-1
u_764,0,none,-1
u_765,0,none,-1
u_766,0,none,-1
u_767,0,none,-1
u_768,0,none,-1
u_769,0,none,-1
u_770,0,none,-1
u_771,0,none,-1
u_772,0,none,-1
u_773,0,none,-1
u_774,0,none,-1
u_775,0,none,-1
u_776,0,none,-1
u_777,0,none,-1
u_778,0,none,-1
u_779,0,none,-1
u_780,0,none,-1
u_781,0,none,-1
u_782,0,none,-1
u_783,0,none,-1
u_784,0,none,-1
u_785,0,none,-1
u_786,0,none,-1
u_787,0,none,-1
u_788,0,none,-1
u_789,0,none,-1
u_790,0,none,-1
u_791,0,none,-1
u_792,0,none,-1
u_793,0,none,-1
u_794,0,none,-1
u_795,0,none,-1
u_796,0,none,-1
u_797,0,none,-1
u_798,0,none,-1
u_799,0,none,-1
u_800,0,none,-1
u_801,0,none,-1
u_802,0,none,-1
u_803,0,none,-1
u_804,0,none,-1
u_805,0,none,-1
u_806,0,none,-1
u_807,0,none,-1
u_808,0,none,-1
u_809,0,none,-1
u_810,0,none,-1
u_811,0,none,-1
u_812,0,none,-1
u_813,0,none,-1
u_814,0,none,-1
u_815,0,none,-1
u_816,0,none,-1
u_817,0,none,-1
u_818,0,none,-1
u_819,0,none,-1
u_820,0,none,-1
u_821,0,none,-1
u_822,0,none,-1
u_823,0,none,-1
u_824,0,none,-1
u_825,0,none,-1
u_826,0,none,-1
u_827,0,none,-1
u_828,0,none,-1
u_829,0,none,-1
u_830,0,none,-1
u_831,0,none,-1
u_832,0,none,-1
u_833,0,none,-1
u_834,0,none,-1
u_835,0,none,-1
u_836,0,none,-1
u_837,0,none,-1
u_838,0,none,-1
u_839,0,none,-1
u_840,0,none,-1
u_841,0,none,-1
u_842,0,none,-1
u_843,0,none,-1
u_844,0,none,-1
u_845,0,none,-1
u_846,0,none,-1
u_847,0,none,-1
u_848,0,none,-1
u_849,0,none,-1
u_850,0,none,-1
u_851,0,none,-1
u_852,0,none,-1
u_853,0,none,-1
u_854,0,none,-1
u_855,0,none,-1
u_856,0,none,-1
u_857,0,none,-1
u_858,0,none,-1
u_859,0,none,-1
u_860,0,none,-1
u_861,0,none,-1
u_862,0,none,-1
u_863,0,none,-1
u_864,0,none,-1
u_865,0,none,-1
u_866,0,none,-1
u_867,0,none,-1
u_868,0,none,-1
u_869,0,none,-1
u_870,0,none,-1
u_871,0,none,-1
u_872,0,none,-1
u_873,0,none,-1
u_874,0,none,-1
u_875,0,none,-1
u_876,0,none,-1
u_877,0,none,-1
u_878,0,none,-1
u_879,0,none,-1
u_880,0,none,-1
u_881,0,none,-1
u_882,0,none,-1
u_883,0,none,-1
u_884,0,none,-1
u_885,0,none,-1
u_886,0,none,-1
u_887,0,none,-1
u_888,0,none,-1
u_889,0,none,-1
u_890,0,none,-1
u_891,0,none,-1
u_892,0,none,-1
u_893,0,none,-1
u_894,0,none,-1
u_895,0,none,-1
u_896,0,none,-1
u_897,0,none,-1
u_898,0,none,-1
u_899,0,none,-1
u_900,0,none,-1
u_901,0,none,-1
u_902,0,none,-1
u_903,0,none,-1
u_904,0,none,-1
u_905,0,none,-1
u_906,0,none,-1
u_907,0,none,-1
u_908,0,none,-1
u_909,0,none,-1
u_910,0,none,-1
u_911,0,none,-1
u_912,0,none,-1
u_913,0,none,-1
u_914,0,none,-1
u_915,0,none,-1
u_916,0,none,-1
u_917,0,none,-1
u_918,0,none,-1
u_919,0,none,-1
u_920,0,none,-1
u_921,0,none,-1
u_922,0,none,-1
u_923,0,none,-1
u_924,0,none,-1
u_925,0,none,-1
u_926,0,none,-1
u_927,0,none,-1
u_928,0,none,-1
u_929,0,none,-1
u_930,0,none,-1
u_931,0,none,-1
u_932,0,none,-1
u_933,0,none,-1
u_934,0,none,-1
u_935,0,none,-1
u_936,0,none,-1
u_937,0,none,-1
u_938,0,none,-1
u_939,0,none,-1
u_940,0,none,-1
u_941,0,none,-1
u_942,0,none,-1
u_943,0,none,-1
u_944,0,none,-1
u_945,0,none,-1
u_946,0,none,-1
u_947,0,none,-1
u_948,0,none,-1
u_949,0,none,-1
u_950,0,none,-1
u_951,0,none,-1
u_952,0,none,-1
u_953,0,none,-1
u_954,0,none,-1
u_955,0,none,-1
u_956,0,none,-1
u_957,0,none,-1
u_958,0,none,-1
u_959,0,none,-1
u_960,0,none,-1
u_961,0,none,-1
u_962,0,none,-1
u_963,0,none,-1
u_964,0,none,-1
u_965,0,none,-1
u_966,0,none,-1
u_967,0,none,-1
u_968,0,none,-1
u_969,0,none,-1
u_970,0,none,-1
u_971,0,none,-1
u_972,0,none,-1
u_973,0,none,-1
u_974,0,none,-1
u_975,0,none,-1
u_976,0,none,-1
u_977,0,none,-1
u_978,0,none,-1
u_979,0,none,-1
u_980,0,none,-1
u_981,0,none,-1
u_982,0,none,-1
u_983,0,none,-1
u_984,0,none,-1
u_985,0,none,-1
u_986,0,none,-1
u_987,0,none,-1
u_988,0,none,-1
u_989,0,none,-1
u_990,0,none,-1
u_991,0,none,-1
u_992,0,none,-1
u_993,0,none,-1
u_994,0,none,-1
u_995,0,none,-1
u_996,0,none,-1
u_997,0,none,-1
u_998,0,none,-1
u_999,0,none,-1
u_1000,0,none,-1
u_1001,0,none,-1
u_1002,0,none,-1
u_1003,0,none,-1
u_1004,0,none,-1
u_1005,0,none,-1
u_1006,0,none,-1
u_1007,0,none,-1
u_1008,0,none,-1
u_1009,0,none,-1
u_1010,0,none,-1
u_1011,0,none,-1
u_1012,0,none,-1
u_1013,0,none,-1
u_1014,0,none,-1
u_1015,0,none,-1
u_1016,0,none,-1
u_1017,0,none,-1
u_1018,0,none,-1
u_1019,0,none,-1
u_1020,0,none,-1
u_1021,0,none,-1
u_1022,0,none,-1
u_1023,0,none,-1
u_1024,0,none,-1
u_1025,0,none,-1
u_1026,0,none,-1
u_1027,0,none,-1
u_1028,0,none,-1
u_1029,0,none,-1
u_1030,0,none,-1
u_1031,0,none,-1
u_1032,0,none,-1
u_1033,0,none,-1
u_1034,0,none,-1
u_1035,0,none,-1
u_1036,0,none,-1
u_1037,0,none,-1
u_1038,0,none,-1
u_1039,0,none,-1
u_1040,0,none,-1
u_1041,0,none,-1
u_1042,0,none,-1
u_1043,0,none,-1
u_1044,0,none,-1
u_1045,0,none,-1
u_1046,0,none,-1
u_1047,0,none,-1
u_1048,0,none,-1
u_1049,0,none,-1
u_1050,0,none,-1
u_1051,0,none,-1
u_1052,0,none,-1
u_1053,0,none,-1
u_1054,0,none,-1
u_1055,0,none,-1
u_1056,0,none,-1
u_1057,0,none,-1
u_1058,0,none,-1
u_1059,0,none,-1
u_1060,0,none,-1
u_1061,0,none,-1
u_1062,0,none,-1
u_1063,0,none,-1
u_1064,0,none,-1
u_1065,0,none,-1
u_1066,0,none,-1
u_1067,0,none,-1
u_1068,0,none,-1
u_1069,0,none,-1
u_1070,0,none,-1
u_1071,0,none,-1
u_1072,0,none,-1
u_1073,0,none,-1
u_1074,0,none,-1
u_1075,0,none,-1
u_1076,0,none,-1
u_1077,0,none,-1
u_1078,0,none,-1
u_1079,0,none,-1
u_1080,0,none,-1
u_1081,0,none,-1
u_1082,0,none,-1
u_1083,0,none,-1
u_1084,0,none,-1
u_1085,0,none,-1
u_1086,0,none,-1
u_1087,0,none,-1
u_1088,0,none,-1
u_1089,0,none,-1
u_1090,0,none,-1
u_1091,0,none,-1
u_1092,0,none,-1
u_1093,0,none,-1
u_1094,0,none,-1
u_1095,0,none,-1
u_1096,0,none,-1
u_1097,0,none,-1
u_1098,0,none,-1
u_1099,0,none,-1
u_1100,0,none,-1
u_1101,0,none,-1
u_1102,0,none,-1
u_1103,0,none,-1
u_1104,0,none,-1
u_1105,0,none,-1
u_1106,0,none,-1
u_1107,0,none,-1
u_1108,0,none,-1
u_1109,0,none,-1
u_1110,0,none,-1
u_1111,0,none,-1
u_1112,0,none,-1
u_1113,0,none,-1
u_1114,0,none,-1
u_1115,0,none,-1
u_1116,0,none,-1
u_1117,0,none,-1
u_1118,0,none,-1
u_1119,0,none,-1
u_1120,0,none,-1
u_1121,0,none,-1
u_1122,0,none,-1
u_1123,0,none,-1
u_1124,0,none,-1
u_1125,0,none,-1
u_1126,0,none,-1
u_1127,0,none,-1
u_1128,0,none,-1
u_1129,0,none,-1
u_1130,0,none,-1
u_1131,0,none,-1
u_1132,0,none,-1
u_1133,0,none,-1
u_1134,0,none,-1
u_1135,0,none,-1
u_1136,0,none,-1
u_1137,0,none,-1
u_1138,0,none,-1
u_1139,0,none,-1
u_1140,0,none,-1
u_1141,0,none,-1
u_1142,0,none,-1
u_1143,0,none,-1
u_1144,0,none,-1
u_1145,0,none,-1
u_1146,0,none,-1
u_1147,0,none,-1
u_1148,0,none,-1
u_1149,0,none,-1
u_1150,0,none,-1
u_1151,0,none,-1
u_1152,0,none,-1
u_1153,0,none,-1
u_1154,0,none,-1
u_1155,0,none,-1
u_1156,0,none,-1
u_1157,0,none,-1
u_1158,0,none,-1
u_1159,0,none,-1
u_1160,0,none,-1
u_1161,0,none,-1
u_1162,0,none,-1
u_1163,0,none,-1
u_1164,0,none,-1
u_1165,0,none,-1
u_1166,0,none,-1
u_1167,0,none,-1
u_1168,0,none,-1
u_1169,0,none,-1
u_1170,0,none,-1
u_1171,0,none,-1
u_1172,0,none,-1
u_1173,0,none,-1
u_1174,0,none,-1
u_1175,0,none,-1
u_1176,0,none,-1
u_1177,0,none,-1
u_1178,0,none,-1
u_1179,0,none,-1
u_1180,0,none,-1
u_1181,0,none,-1
u_1182,0,none,-1
u_1183,0,none,-1
u_1184,0,none,-1
u_1185,0,none,-1
u_1186,0,none,-1
u_1187,0,none,-1
u_1188,0,none,-1
u_1189,0,none,-1
u_1190,0,none,-1
u_1191,0,none,-1
u_1192,0,none,-1
u_1193,0,none,-1
u_1194,0,none,-1
u_1195,0,none,-1
u_1196,0,none,-1
u_1197,0,none,-1
u_1198,0,none,-1
u_1199,0,none,-1
u_1200,0,none,-1
u_1201,0,none,-1
u_1202,0,none,-1
u_1203,0,none,-1
u_1204,0,none,-1
u_1205,0,none,-1
u_1206,0,none,-1
u_1207,0,none,-1
u_1208,0,none,-1
u_1209,0,none,-1
u_1210,0,none,-1
u_1211,0,none,-1
u_1212,0,none,-1
u_1213,0,none,-1
u_1214,0,none,-1
u_1215,0,none,-1
u_1216,0,none,-1
u_1217,0,none,-1
u_1218,0,none,-1
u_1219,0,none,-1
u_1220,0,none,-1
u_1221,0,none,-1
u_1222,0,none,-1
u_1223,0,none,-1
u_1224,0,none,-1
u_1225,0,none,-1
u_1226,0,none,-1
u_1227,0,none,-1
u_1228,0,none,-1
u_1229,0,none,-1
u_1230,0,none,-1
u_1231,0,none,-1
u_1232,0,none,-1
u_1233,0,none,-1
u_1234,0,none,-1
u_1235,0,none,-1
u_1236,0,none,-1
u_1237,0,none,-1
u_1238,0,none,-1
u_1239,0,none,-1
u_1240,0,none,-1
u_1241,0,none,-1
u_1242,0,none,-1
u_1243,0,none,-1
u_1244,0,none,-1
u_1245,0,none,-1
u_1246,0,none,-1
u_1247,0,none,-1
u_1248,0,none,-1
u_1249,0,none,-1
u_1250,0,none,-1
u_1251,0,none,-1
u_1252,0,none,-1
u_1253,0,none,-1
u_1254,0,none,-1
u_1255,0,none,-1
u_1256,0,none,-1
u_1257,0,none,-1
u_1258,0,none,-1
u_1259,0,none,-1
u_1260,0,none,-1
u_1261,0,none,-1
u_1262,0,none,-1
u_1263,0,none,-1
u_1264,0,none,-1
u_1265,0,none,-1
u_1266,0,none,-1
u_1267,0,none,-1
u_1268,0,none,-1
u_1269,0,none,-1
u_1270,0,none,-1
u_1271,0,none,-1
u_1272,0,none,-1
u_1273,0,none,-1
u_1274,0,none,-1
u_1275,0,none,-1
u_1276,0,none,-1
u_1277,0,none,-1
u_1278,0,none,-1
u_1279,0,none,-1
u_1280,0,none,-1
u_1281,0,none,-1
u_1282,0,none,-1
u_1283,0,none,-1
u_1284,0,none,-1
u_1285,0,none,-1
u_1286,0,none,-1
u_1287,0,none,-1
u_1288,0,none,-1
u_1289,0,none,-1
u_1290,0,none,-1
u_1291,0,none,-1
u_1292,0,none,-1
u_1293,0,none,-1
u_1294,0,none,-1
u_1295,0,none,-1
u_1296,0,none,-1
u_1297,0,none,-1
u_1298,0,none,-1
u_1299,0,none,-1
u_1300,0,none,-1
u_1301,0,none,-1
u_1302,0,none,-1
u_1303,0,none,-1
u_1304,0,none,-1
u_1305,0,none,-1
u_1306,0,none,-1
u_1307,0,none,-1
u_1308,0,none,-1
u_1309,0,none,-1
u_1310,0,none,-1
u_1311,0,none,-1
u_1312,0,none,-1
u_1313,0,none,-1
u_1314,0,none,-1
u_1315,0,none,-1
u_1316,0,none,-1
u_1317,0,none,-1
u_1318,0,none,-1
u_1319,0,none,-1
u_1320,0,none,-1
u_1321,0,none,-1
u_1322,0,none,-1
u_1323,0,none,-1
u_1324,0,none,-1
u_1325,0,none,-1
u_1326,0,none,-1
u_1327,0,none,-1
u_1328,0,none,-1
u_1329,0,none,-1
u_1330,0,none,-1
u_1331,0,none,-1
u_1332,0,none,-1
u_1333,0,none,-1
u_1334,0,none,-1
u_1335,0,none,-1
u_1336,0,none,-1
u_1337,0,none,-1
u_1338,0,none,-1
u_1339,0,none,-1
u_1340,0,none,-1
u_1341,0,none,-1
u_1342,0,none,-1
u_1343,0,none,-1
u_1344,0,none,-1
u_1345,0,none,-1
u_1346,0,none,-1
u_1347,0,none,-1
u_1348,0,none,-1
u_1349,0,none,-1
u_1350,0,none,-1
u_1351,0,none,-1
u_1352,0,none,-1
u_1353,0,none,-1
u_1354,0,none,-1
u_1355,0,none,-1
u_1356,0,none,-1
u_1357,0,none,-1
u_1358,0,none,-1
u_1359,0,none,-1
u_1360,0,none,-1
u_1361,0,none,-1
u_1362,0,none,-1
u_1363,0,none,-1
u_1364,0,none,-1
u_1365,0,none,-1
u_1366,0,none,-1
u_1367,0,none,-1
u_1368,0,none,-1
u_1369,0,none,-1
u_1370,0,none,-1
u_1371,0,none,-1
u_1372,0,none,-1
u_1373,0,none,-1
u_1374,0,none,-1
u_1375,0,none,-1
u_1376,0,none,-1
u_1377,0,none,-1
u_1378,0,none,-1
u_1379,0,none,-1
u_1380,0,none,-1
u_1381,0,none,-1
u_1382,0,none,-1
u_1383,0,none,-1
u_1384,0,none,-1
u_1385,0,none,-1
u_1386,0,none,-1
u_1387,0,none,-1
u_1388,0,none,-1
u_1389,0,none,-1
u_1390,0,none,-1
u_1391,0,none,-1
u_1392,0,none,-1
u_1393,0,none,-1
u_1394,0,none,-1
u_1395,0,none,-1
u_1396,0,none,-1
u_1397,0,none,-1
u_1398,0,none,-1
u_1399,0,none,-1
u_1400,0,none,-1
u_1401,0,none,-1
u_1402,0,none,-1
u_1403,0,none,-1
u_1404,0,none,-1
u_1405,0,none,-1
u_1406,0,none,-1
u_1407,0,none,-1
u_1408,0,none,-1
u_1409,0,none,-1
u_1410,0,none,-1
u_1411,0,none,-1
u_1412,0,none,-1
u_1413,0,none,-1
u_1414,0,none,-1
u_1415,0,none,-1
u_1416,0,none,-1
u_1417,0,none,-1
u_1418,0,none,-1
u_1419,0,none,-1
u_1420,0,none,-1
u_1421,0,none,-1
u_1422,0,none,-1
u_1423,0,none,-1
u_1424,0,none,-1
u_1425,0,none,-1
u_1426,0,none,-1
u_1427,0,none,-1
u_1428,0,none,-1
u_1429,0,none,-1
u_1430,0,none,-1
u_1431,0,none,-1
u_1432,0,none,-1
u_1433,0,none,-1
u_1434,0,none,-1
u_1435,0,none,-1
u_1436,0,none,-1
u_1437,0,none,-1
u_1438,0,none,-1
u_1439,0,none,-1
u_1440,0,none,-1
u_1441,0,none,-1
u_1442,0,none,-1
u_1443,0,none,-1
u_1444,0,none,-1
u_1445,0,none,-1
u_1446,0,none,-1
u_1447,0,none,-1
u_1448,0,none,-1
u_1449,0,none,-1
u_1450,0,none,-1
u_1451,0,none,-1
u_1452,0,none,-1
u_1453,0,none,-1
u_1454,0,none,-1
u_1455,0,none,-1
u_1456,0,none,-1
u_1457,0,none,-1
u_1458,0,none,-1
u_1459,0,none,-1
u_1460,0,none,-1
u_1461,0,none,-1
u_1462,0,none,-1
u_1463,0,none,-1
u_1464,0,none,-1
u_1465,0,none,-1
u_1466,0,none,-1
u_1467,0,none,-1
u_1468,0,none,-1
u_1469,0,none,-1
u_1470,0,none,-1
u_1471,0,none,-1
u_1472,0,none,-1
u_1473,0,none,-1
u_1474,0,none,-1
u_1475,0,none,-1
u_1476,0,none,-1
u_1477,0,none,-1
u_1478,0,none,-1
u_1479,0,none,-1
u_1480,0,none,-1
u_1481,0,none,-1
u_1482,0,none,-1
u_1483,0,none,-1
u_1484,0,none,-1
u_1485,0,none,-1
u_1486,0,none,-1
u_1487,0,none,-1
u_1488,0,none,-1
u_1489,0,none,-1
u_1490,0,none,-1
u_1491,0,none,-1
u_1492,0,none,-1
u_1493,0,none,-1
u_1494,0,none,-1
u_1495,0,none,-1
u_1496,0,none,-1
u_1497,0,none,-1
u_1498,0,none,-1
u_1499,0,none,-1
u_1500,0,none,-1
u_1501,0,none,-1
u_1502,0,none,-1
u_1503,0,none,-1
u_1504,0,none,-1
u_1505,0,none,-1
u_1506,0,none,-1
u_1507,0,none,-1
u_1508,0,none,-1
u_1509,0,none,-1
u_1510,0,none,-1
u_1511,0,none,-1
u_1512,0,none,-1
u_1513,0,none,-1
u_1514,0,none,-1
u_1515,0,none,-1
u_1516,0,none,-1
u_1517,0,none,-1
u_1518,0,none,-1
u_1519,0,none,-1
u_1520,0,none,-1
u_1521,0,none,-1
u_1522,0,none,-1
u_1523,0,none,-1
u_1524,0,none,-1
u_1525,0,none,-1
u_1526,0,none,-1
u_1527,0,none,-1
u_1528,0,none,-1
u_1529,0,none,-1
u_1530,0,none,-1
u_1531,0,none,-1
u_1532,0,none,-1
u_1533,0,none,-1
u_1534,0,none,-1
u_1535,0,none,-1
u_1536,0,none,-1
u_1537,0,none,-1
u_1538,0,none,-1
u_1539,0,none,-1
u_1540,0,none,-1
u_1541,0,none,-1
u_1542,0,none,-1
u_1543,0,none,-1
u_1544,0,none,-1
u_1545,0,none,-1
u_1546,0,none,-1
u_1547,0,none,-1
u_1548,0,none,-1
u_1549,0,none,-1
u_1550,0,none,-1
u_1551,0,none,-1
u_1552,0,none,-1
u_1553,0,none,-1
u_1554,0,none,-1
u_1555,0,none,-1
u_1556,0,none,-1
u_1557,0,none,-1
u_1558,0,none,-1
u_1559,0,none,-1
u_1560,0,none,-1
u_1561,0,none,-1
u_1562,0,none,-1
u_1563,0,none,-1
u_1564,0,none,-1
u_1565,0,none,-1
u_1566,0,none,-1
u_1567,0,none,-1
u_1568,0,none,-1
u_1569,0,none,-1
u_1570,0,none,-1
u_1571,0,none,-1
u_1572,0,none,-1
u_1573,0,none,-1
u_1574,0,none,-1
u_1575,0,none,-1
u_1576,0,none,-1
u_1577,0,none,-1
u_1578,0,none,-1
u_1579,0,none,-1
u_1580,0,none,-1
u_1581,0,none,-1
u_1582,0,none,-1
u_1583,0,none,-1
u_1584,0,none,-1
u_1585,0,none,-1
u_1586,0,none,-1
u_1587,0,none,-1
u_1588,0,none,-1
u_1589,0,none,-1
u_1590,0,none,-1
u_1591,0,none,-1
u_1592,0,none,-1
u_1593,0,none,-1
u_1594,0,none,-1
u_1595,0,none,-1
u_1596,0,none,-1
u_1597,0,none,-1
u_1598,0,none,-1
u_1599,0,none,-1
u_1600,0,none,-1
u_1601,0,none,-1
u_1602,0,none,-1
u_1603,0,none,-1
u_1604,0,none,-1
u_1605,0,none,-1
u_1606,0,none,-1
u_1607,0,none,-1
u_1608,0,none,-1
u_1609,0,none,-1
u_1610,0,none,-1
u_1611,0,none,-1
u_1612,0,none,-1
u_1613,0,none,-1
u_1614,0,none,-1
u_1615,0,none,-1
u_1616,0,none,-1
u_1617,0,none,-1
u_1618,0,none,-1
u_1619,0,none,-1
u_1620,0,none,-1
u_1621,0,none,-1
u_1622,0,none,-1
u_1623,0,none,-1
u_1624,0,none,-1
u_1625,0,none,-1
u_1626,0,none,-1
u_1627,0,none,-1
u_1628,0,none,-1
u_1629,0,none,-1
u_1630,0,none,-1
u_1631,0,none,-1
u_1632,0,none,-1
u_1633,0,none,-1
u_1634,0,none,-1
u_1635,0,none,-1
u_1636,0,none,-1
u_1637,0,none,-1
u_1638,0,none,-1
u_1639,0,none,-1
u_1640,0,none,-1
u_1641,0,none,-1
u_1642,0,none,-1
u_1643,0,none,-1
u_1644,0,none,-1
u_1645,0,none,-1
u_1646,0,none,-1
u_1647,0,none,-1
u_1648,0,none,-1
u_1649,0,none,-1
u_1650,0,none,-1
u_1651,0,none,-1
u_1652,0,none,-1
u_1653,0,none,-1
u_1654,0,none,-1
u_1655,0,none,-1
u_1656,0,none,-1
u_1657,0,none,-1
u_1658,0,none,-1
u_1659,0,none,-1
u_1660,0,none,-1
u_1661,0,none,-1
u_1662,0,none,-1
u_1663,0,none,-1
u_1664,0,none,-1
u_1665,0,none,-1
u_1666,0,none,-1
u_1667,0,none,-1
u_1668,0,none,-1
u_1669,0,none,-1
u_1670,0,none,-1
u_1671,0,none,-1
u_1672,0,none,-1
u_1673,0,none,-1
u_1674,0,none,-1
u_1675,0,none,-1
u_1676,0,none,-1
u_1677,0,none,-1
u_1678,0,none,-1
u_1679,0,none,-1
u_1680,0,none,-1
u_1681,0,none,-1
u_1682,0,none,-1
u_1683,0,none,-1
u_1684,0,none,-1
u_1685,0,none,-1
u_1686,0,none,-1
u_1687,0,none,-1
u_1688,0,none,-1
u_1689,0,none,-1
u_1690,0,none,-1
u_1691,0,none,-1
u_1692,0,none,-1
u_1693,0,none,-1
u_1694,0,none,-1
u_1695,0,none,-1
u_1696,0,none,-1
u_1697,0,none,-1
u_1698,0,none,-1
u_1699,0,none,-1
u_1700,0,none,-1
u_1701,0,none,-1
u_1702,0,none,-1
u_1703,0,none,-1
u_1704,0,none,-1
u_1705,0,none,-1
u_1706,0,none,-1
u_1707,0,none,-1
u_1708,0,none,-1
u_1709,0,none,-1
u_1710,0,none,-1
u_1711,0,none,-1
u_1712,0,none,-1
u_1713,0,none,-1
u_1714,0,none,-1
u_1715,0,none,-1
u_1716,0,none,-1
u_1717,0,none,-1
u_1718,0,none,-1
u_1719,0,none,-1
u_1720,0,none,-1
u_1721,0,none,-1
u_1722,0,none,-1
u_1723,0,none,-1
u_1724,0,none,-1
u_1725,0,none,-1
u_1726,0,none,-1
u_1727,0,none,-1
u_1728,0,none,-1
u_1729,0,none,-1
u_1730,0,none,-1
u_1731,0,none,-1
u_1732,0,none,-1
u_1733,0,none,-1
u_1734,0,none,-1
u_1735,0,none,-1
u_1736,0,none,-1
u_1737,0,none,-1
u_1738,0,none,-1
u_1739,0,none,-1
u_1740,0,none,-1
u_1741,0,none,-1
u_1742,0,none,-1
u_1743,0,none,-1
u_1744,0,none,-1
u_1745,0,none,-1
u_1746,0,none,-1
u_1747,0,none,-1
u_1748,0,none,-1
u_1749,0,none,-1
u_1750,0,none,-1
u_1751,0,none,-1
u_1752,0,none,-1
u_1753,0,none,-1
u_1754,0,none,-1
u_1755,0,none,-1
u_1756,0,none,-1
u_1757,0,none,-1
u_1758,0,none,-1
u_1759,0,none,-1
u_1760,0,none,-1
u_1761,0,none,-1
u_1762,0,none,-1
u_1763,0,none,-1
u_1764,0,none,-1
u_1765,0,none,-1
u_1766,0,none,-1
u_1767,0,none,-1
u_1768,0,none,-1
u_1769,0,none,-1
u_1770,0,none,-1
u_1771,0,none,-1
u_1772,0,none,-1
u_1773,0,none,-1
u_1774,0,none,-1
u_1775,0,none,-1
u_1776,0,none,-1
u_1777,0,none,-1
u_1778,0,none,-1
u_1779,0,none,-1
u_1780,0,none,-1
u_1781,0,none,-1
u_1782,0,none,-1
u_1783,0,none,-1
u_1784,0,none,-1
u_1785,0,none,-1
u_1786,0,none,-1
u_1787,0,none,-1
u_1788,0,none,-1
u_1789,0,none,-1
u_1790,0,none,-1
u_1791,0,none,-1
u_1792,0,none,-1
u_1793,0,none,-1
u_1794,0,none,-1
u_1795,0,none,-1
u_1796,0,none,-1
u_1797,0,none,-1
u_1798,0,none,-1
u_1799,0,none,-1
u_1800,0,none,-1
u_1801,0,none,-1
u_1802,0,none,-1
u_1803,0,none,-1
u_1804,0,none,-1
u_1805,0,none,-1
u_1806,0,none,-1
u_1807,0,none,-1
u_1808,0,none,-1
u_1809,0,none,-1
u_1810,0,none,-1
u_1811,0,none,-1
u_1812,0,none,-1
u_1813,0,none,-1
u_1814,0,none,-1
u_1815,0,none,-1
u_1816,0,none,-1
u_1817,0,none,-1
u_1818,0,none,-1
u_1819,0,none,-1
u_1820,0,none,-1
u_1821,0,none,-1
u_1822,0,none,-1
u_1823,0,none,-1
u_1824,0,none,-1
u_1825,0,none,-1
u_1826,0,none,-1
u_1827,0,none,-1
u_1828,0,none,-1
u_1829,0,none,-1
u_1830,0,none,-1
u_1831,0,none,-1
u_1832,0,none,-1
u_1833,0,none,-1
u_1834,0,none,-1
u_1835,0,none,-1
u_1836,0,none,-1
u_1837,0,none,-1
u_1838,0,none,-1
u_1839,0,none,-1
u_1840,0,none,-1
u_1841,0,none,-1
u_1842,0,none,-1
u_1843,0,none,-1
u_1844,0,none,-1
u_1845,0,none,-1
u_1846,0,none,-1
u_1847,0,none,-1
u_1848,0,none,-1
u_1849,0,none,-1
u_1850,0,none,-1
u_1851,0,none,-1
u_1852,0,none,-1
u_1853,0,none,-1
u_1854,0,none,-1
u_1855,0,none,-1
u_1856,0,none,-1
u_1857,0,none,-1
u_1858,0,none,-1
u_1859,0,none,-1
u_1860,0,none,-1
u_1861,0,none,-1
u_1862,0,none,-1
u_1863,0,none,-1
u_1864,0,none,-1
u_1865,0,none,-1
u_1866,0,none,-1
u_1867,0,none,-1
u_1868,0,none,-1
u_1869,0,none,-1
u_1870,0,none,-1
u_1871,0,none,-1
u_1872,0,none,-1
u_1873,0,none,-1
u_1874,0,none,-1
u_1875,0,none,-1
u_1876,0,none,-1
u_1877,0,none,-1
u_1878,0,none,-1
u_1879,0,none,-1
u_1880,0,none,-1
u_1881,0,none,-1
u_1882,0,none,-1
u_1883,0,none,-1
u_1884,0,none,-1
u_1885,0,none,-1
u_1886,0,none,-1
u_1887,0,none,-1
u_1888,0,none,-1
u_1889,0,none,-1
u_1890,0,none,-1
u_1891,0,none,-1
u_1892,0,none,-1
u_1893,0,none,-1
u_1894,0,none,-1
u_1895,0,none,-1
u_1896,0,none,-1
u_1897,0,none,-1
u_1898,0,none,-1
u_1899,0,none,-1
u_1900,0,none,-1
u_1901,0,none,-1
u_1902,0,none,-1
u_1903,0,none,-1
u_1904,0,none,-1
u_1905,0,none,-1
u_1906,0,none,-1
u_1907,0,none,-1
u_1908,0,none,-1
u_1909,0,none,-1
u_1910,0,none,-1
u_1911,0,none,-1
u_1912,0,none,-1
u_1913,0,none,-1
u_1914,0,none,-1
u_1915,0,none,-1
u_1916,0,none,-1
u_1917,0,none,-1
u_1918,0,none,-1
u_1919,0,none,-1
u_1920,0,none,-1
u_1921,0,none,-1
u_1922,0,none,-1
u_1923,0,none,-1
u_1924,0,none,-1
u_1925,0,none,-1
u_1926,0,none,-1
u_1927,0,none,-1
u_1928,0,none,-1
u_1929,0,none,-1
u_1930,0,none,-1
u_1931,0,none,-1
u_1932,0,none,-1
u_1933,0,none,-1
u_1934,0,none,-1
u_1935,0,none,-1
u_1936,0,none,-1
u_1937,0,none,-1
u_1938,0,none,-1
u_1939,0,none,-1
u_1940,0,none,-1
u_1941,0,none,-1
u_1942,0,none,-1
u_1943,0,none,-1
u_1944,0,none,-1
u_1945,0,none,-1
u_1946,0,none,-1
u_1947,0,none,-1
u_1948,0,none,-1
u_1949,0,none,-1
u_1950,0,none,-1
u_1951,0,none,-1
u_1952,0,none,-1
u_1953,0,none,-1
u_1954,0,none,-1
u_1955,0,none,-1
u_1956,0,none,-1
u_1957,0,none,-1
u_1958,0,none,-1
u_1959,0,none,-1
u_1960,0,none,-1
u_1961,0,none,-1
u_1962,0,none,-1
u_1963,0,none,-1
u_1964,0,none,-1
u_1965,0,none,-1
u_1966,0,none,-1
u_1967,0,none,-1
u_1968,0,none,-1
u_1969,0,none,-1
u_1970,0,none,-1
u_1971,0,none,-1
u_1972,0,none,-1
u_1973,0,none,-1
u_1974,0,none,-1
u_1975,0,none,-1
u_1976,0,none,-1
u_1977,0,none,-1
u_1978,0,none,-1
u_1979,0,none,-1
u_1980,0,none,-1
u_1981,0,none,-1
u_1982,0,none,-1
u_1983,0,none,-1
u_1984,0,none,-1
u_1985,0,none,-1
u_1986,0,none,-1
u_1987,0,none,-1
u_1988,0,none,-1
u_1989,0,none,-1
u_1990,0,none,-1
u_1991,0,none,-1
u_1992,0,none,-1
u_1993,0,none,-1
u_1994,0,none,-1
u_1995,0,none,-1
u_1996,0,none,-1
u_1997,0,none,-1
u_1998,0,none,-1
u_1999,0,none,-1
u_2000,0,none,-1
u_2001,0,none,-1
u_2002,0,none,-1
u_2003,0,none,-1
u_2004,0,none,-1
u_2005,0,none,-1
u_2006,0,none,-1
u_2007,0,none,-1
u_2008,0,none,-1
u_2009,0,none,-1
u_2010,0,none,-1
u_2011,0,none,-1
u_2012,0,none,-1
u_2013,0,none,-1
u_2014,0,none,-1
u_2015,0,none,-1
u_2016,0,none,-1
u_2017,0,none,-1
u_2018,0,none,-1
u_2019,0,none,-1
u_2020,0,none,-1
u_2021,0,none,-1
u_2022,0,none,-1
u_2023,0,none,-1
u_2024,0,none,-1
u_2025,0,none,-1
u_2026,0,none,-1
u_2027,0,none,-1
u_2028,0,none,-1
u_2029,0,none,-1
u_2030,0,none,-1
u_2031,0,none,-1
u_2032,0,none,-1
u_2033,0,none,-1
u_2034,0,none,-1
u_2035,0,none,-1
u_2036,0,none,-1
u_2037,0,none,-1
u_2038,0,none,-1
u_2039,0,none,-1
u_2040,0,none,-1
u_2041,0,none,-1
u_2042,0,none,-1
u_2043,0,none,-1
u_2044,0,none,-1
u_2045,0,none,-1
u_2046,0,none,-1
u_2047,0,none,-1
u_2048,0,none,-1
u_2049,0,none,-1
u_2050,0,none,-1
u_2051,0,none,-1
u_2052,0,none,-1
u_2053,0,none,-1
u_2054,0,none,-1
u_2055,0,none,-1
u_2056,0,none,-1
u_2057,0,none,-1
u_2058,0,none,-1
u_2059,0,none,-1
u_2060,0,none,-1
u_2061,0,none,-1
u_2062,0,none,-1
u_2063,0,none,-1
u_2064,0,none,-1
u_2065,0,none,-1
u_2066,0,none,-1
u_2067,0,none,-1
u_2068,0,none,-1
u_2069,0,none,-1
u_2070,0,none,-1
u_2071,0,none,-1
u_2072,0,none,-1
u_2073,0,none,-1
u_2074,0,none,-1
u_2075,0,none,-1
u_2076,0,none,-1
u_2077,0,none,-1
u_2078,0,none,-1
u_2079,0,none,-1
u_2080,0,none,-1
u_2081,0,none,-1
u_2082,0,none,-1
u_2083,0,none,-1
u_2084,0,none,-1
u_2085,0,none,-1
u_2086,0,none,-1
u_2087,0,none,-1
u_2088,0,none,-1
u_2089,0,none,-1
u_2090,0,none,-1
u_2091,0,none,-1
u_2092,0,none,-1
u_2093,0,none,-1
u_2094,0,none,-1
u_2095,0,none,-1
u_2096,0,none,-1
u_2097,0,none,-1
u_2098,0,none,-1
u_2099,0,none,-1
u_2100,0,none,-1
u_2101,0,none,-1
u_2102,0,none,-1
u_2103,0,none,-1
u_2104,0,none,-1
u_2105,0,none,-1
u_2106,0,none,-1
u_2107,0,none,-1
u_2108,0,none,-1
u_2109,0,none,-1
u_2110,0,none,-1
u_2111,0,none,-1
u_2112,0,none,-1
u_2113,0,none,-1
u_2114,0,none,-1
u_2115,0,none,-1
u_2116,0,none,-1
u_2117,0,none,-1
u_2118,0,none,-1
u_2119,0,none,-1
u_2120,0,none,-1
u_2121,0,none,-1
u_2122,0,none,-1
u_2123,0,none,-1
u_2124,0,none,-1
u_2125,0,none,-1
u_2126,0,none,-1
u_2127,0,none,-1
u_2128,0,none,-1
u_2129,0,none,-1
u_2130,0,none,-1
u_2131,0,none,-1
u_2132,0,none,-1
u_2133,0,none,-1
u_2134,0,none,-1
u_2135,0,none,-1
u_2136,0,none,-1
u_2137,0,none,-1
u_2138,0,none,-1
u_2139,0,none,-1
u_2140,0,none,-1
u_2141,0,none,-1
u_2142,0,none,-1
u_2143,0,none,-1
u_2144,0,none,-1
u_2145,0,none,-1
u_2146,0,none,-1
u_2147,0,none,-1
u_2148,0,none,-1
u_2149,0,none,-1
u_2150,0,none,-1
u_2151,0,none,-1
u_2152,0,none,-1
u_2153,0,none,-1
u_2154,0,none,-1
u_2155,0,none,-1
u_2156,0,none,-1
u_2157,0,none,-1
u_2158,0,none,-1
u_2159,0,none,-1
u_2160,0,none,-1
u_2161,0,none,-1
u_2162,0,none,-1
u_2163,0,none,-1
u_2164,0,none,-1
u_2165,0,none,-1
u_2166,0,none,-1
u_2167,0,none,-1
u_2168,0,none,-1
u_2169,0,none,-1
u_2170,0,none,-1
u_2171,0,none,-1
u_2172,0,none,-1
u_2173,0,none,-1
u_2174,0,none,-1
u_2175,0,none,-1
u_2176,0,none,-1
u_2177,0,none,-1
u_2178,0,none,-1
u_2179,0,none,-1
u_2180,0,none,-1
u_2181,0,none,-1
u_2182,0,none,-1
u_2183,0,none,-1
u_2184,0,none,-1
u_2185,0,none,-1
u_2186,0,none,-1
u_2187,0,none,-1
u_2188,0,none,-1
u_2189,0,none,-1
u_2190,0,none,-1
u_2191,0,none,-1
u_2192,0,none,-1
u_2193,0,none,-1
u_2194,0,none,-1
u_2195,0,none,-1
u_2196,0,none,-1
u_2197,0,none,-1
u_2198,0,none,-1
u_2199,0,none,-1
u_2200,0,none,-1
u_2201,0,none,-1
u_2202,0,none,-1
u_2203,0,none,-1
u_2204,0,none,-1
u_2205,0,none,-1
u_2206,0,none,-1
u_2207,0,none,-1
u_2208,0,none,-1
u_2209,0,none,-1
u_2210,0,none,-1
u_2211,0,none,-1
u_2212,0,none,-1
u_2213,0,none,-1
u_2214,0,none,-1
u_2215,0,none,-1
u_2216,0,none,-1
u_2217,0,none,-1
u_2218,0,none,-1
u_2219,0,none,-1
u_2220,0,none,-1
u_2221,0,none,-1
u_2222,0,none,-1
u_2223,0,none,-1
u_2224,0,none,-1
u_2225,0,none,-1
u_2226,0,none,-1
u_2227,0,none,-1
u_2228,0,none,-1
u_2229,0,none,-1
u_2230,0,none,-1
u_2231,0,none,-1
u_2232,0,none,-1
u_2233,0,none,-1
u_2234,0,none,-1
u_2235,0,none,-1
u_2236,0,none,-1
u_2237,0,none,-1
u_2238,0,none,-1
u_2239,0,none,-1
u_2240,0,none,-1
u_2241,0,none,-1
u_2242,0,none,-1
u_2243,0,none,-1
u_2244,0,none,-1
u_2245,0,none,-1
u_2246,0,none,-1
u_2247,0,none,-1
u_2248,0,none,-1
u_2249,0,none,-1
u_2250,0,none,-1
u_2251,0,none,-1
u_2252,0,none,-1
u_2253,0,none,-1
u_2254,0,none,-1
u_2255,0,none,-1
u_2256,0,none,-1
u_2257,0,none,-1
u_2258,0,none,-1
u_2259,0,none,-1
u_2260,0,none,-1
u_2261,0,none,-1
u_2262,0,none,-1
u_2263,0,none,-1
u_2264,0,none,-1
u_2265,0,none,-1
u_2266,0,none,-1
u_2267,0,none,-1
u_2268,0,none,-1
u_2269,0,none,-1
u_2270,0,none,-1
u_2271,0,none,-1
u_2272,0,none,-1
u_2273,0,none,-1
u_2274,0,none,-1
u_2275,0,none,-1
u_2276,0,none,-1
u_2277,0,none,-1
u_2278,0,none,-1
u_2279,0,none,-1
u_2280,0,none,-1
u_2281,0,none,-1
u_2282,0,none,-1
u_2283,0,none,-1
u_2284,0,none,-1
u_2285,0,none,-1
u_2286,0,none,-1
u_2287,0,none,-1
u_2288,0,none,-1
u_2289,0,none,-1
u_2290,0,none,-1
u_2291,0,none,-1
u_2292,0,none,-1
u_2293,0,none,-1
u_2294,0,none,-1
u_2295,0,none,-1
u_2296,0,none,-1
u_2297,0,none,-1
u_2298,0,none,-1
u_2299,0,none,-1
u_2300,0,none,-1
u_2301,0,none,-1
u_2302,0,none,-1
u_2303,0,none,-1
u_2304,0,none,-1
u_2305,0,none,-1
u_2306,0,none,-1
u_2307,0,none,-1
u_2308,0,none,-1
u_2309,0,none,-1
u_2310,0,none,-1
u_2311,0,none,-1
u_2312,0,none,-1
u_2313,0,none,-1
u_2314,0,none,-1
u_2315,0,none,-1
u_2316,0,none,-1
u_2317,0,none,-1
u_2318,0,none,-1
u_2319,0,none,-1
u_2320,0,none,-1
u_2321,0,none,-1
u_2322,0,none,-1
u_2323,0,none,-1
u_2324,0,none,-1
u_2325,0,none,-1
u_2326,0,none,-1
u_2327,0,none,-1
u_2328,0,none,-1
u_2329,0,none,-1
u_2330,0,none,-1
u_2331,0,none,-1
u_2332,0,none,-1
u_2333,0,none,-1
u_2334,0,none,-1
u_2335,0,none,-1
u_2336,0,none,-1
u_2337,0,none,-1
u_2338,0,none,-1
u_2339,0,none,-1
u_2340,0,none,-1
u_2341,0,none,-1
u_2342,0,none,-1
u_2343,0,none,-1
u_2344,0,none,-1
u_2345,0,none,-1
u_2346,0,none,-1
u_2347,0,none,-1
u_2348,0,none,-1
u_2349,0,none,-1
u_2350,0,none,-1
u_2351,0,none,-1
u_2352,0,none,-1
u_2353,0,none,-1
u_2354,0,none,-1
u_2355,0,none,-1
u_2356,0,none,-1
u_2357,0,none,-1
u_2358,0,none,-1
u_2359,0,none,-1
u_2360,0,none,-1
u_2361,0,none,-1
u_2362,0,none,-1
u_2363,0,none,-1
u_2364,0,none,-1
u_2365,0,none,-1
u_2366,0,none,-1
u_2367,0,none,-1
u_2368,0,none,-1
u_2369,0,none,-1
u_2370,0,none,-1
u_2371,0,none,-1
u_2372,0,none,-1
u_2373,0,none,-1
u_2374,0,none,-1
u_2375,0,none,-1
u_2376,0,none,-1
u_2377,0,none,-1
u_2378,0,none,-1
u_2379,0,none,-1
u_2380,0,none,-1
u_2381,0,none,-1
u_2382,0,none,-1
u_2383,0,none,-1
u_2384,0,none,-1
u_2385,0,none,-1
u_2386,0,none,-1
u_2387,0,none,-1
u_2388,0,none,-1
u_2389,0,none,-1
u_2390,0,none,-1
u_2391,0,none,-1
u_2392,0,none,-1
u_2393,0,none,-1
u_2394,0,none,-1
u_2395,0,none,-1
u_2396,0,none,-1
u_2397,0,none,-1
u_2398,0,none,-1
u_2399,0,none,-1
u_2400,0,none,-1
u_2401,0,none,-1
u_2402,0,none,-1
u_2403,0,none,-1
u_2404,0,none,-1
u_2405,0,none,-1
u_2406,0,none,-1
u_2407,0,none,-1
u_2408,0,none,-1
u_2409,0,none,-1
u_2410,0,none,-1
u_2411,0,none,-1
u_2412,0,none,-1
u_2413,0,none,-1
u_2414,0,none,-1
u_2415,0,none,-1
u_2416,0,none,-1
u_2417,0,none,-1
u_2418,0,none,-1
u_2419,0,none,-1
u_2420,0,none,-1
u_2421,0,none,-1
u_2422,0,none,-1
u_2423,0,none,-1
u_2424,0,none,-1
u_2425,0,none,-1
u_2426,0,none,-1
u_2427,0,none,-1
u_2428,0,none,-1
u_2429,0,none,-1
u_2430,0,none,-1
u_2431,0,none,-1
u_2432,0,none,-1
u_2433,0,none,-1
u_2434,0,none,-1
u_2435,0,none,-1
u_2436,0,none,-1
u_2437,0,none,-1
u_2438,0,none,-1
u_2439,0,none,-1
u_2440,0,none,-1
u_2441,0,none,-1
u_2442,0,none,-1
u_2443,0,none,-1
u_2444,0,none,-1
u_2445,0,none,-1
u_2446,0,none,-1
u_2447,0,none,-1
u_2448,0,none,-1
u_2449,0,none,-1
u_2450,0,none,-1
u_2451,0,none,-1
u_2452,0,none,-1
u_2453,0,none,-1
u_2454,0,none,-1
u_2455,0,none,-1
u_2456,0,none,-1
u_2457,0,none,-1
u_2458,0,none,-1
u_2459,0,none,-1
u_2460,0,none,-1
u_2461,0,none,-1
u_2462,0,none,-1
u_2463,0,none,-1
u_2464,0,none,-1
u_2465,0,none,-1
u_2466,0,none,-1
u_2467,0,none,-1
u_2468,0,none,-1
u_2469,0,none,-1
u_2470,0,none,-1
u_2471,0,none,-1
u_2472,0,none,-1
u_2473,0,none,-1
u_2474,0,none,-1
u_2475,0,none,-1
u_2476,0,none,-1
u_2477,0,none,-1
u_2478,0,none,-1
u_2479,0,none,-1
u_2480,0,none,-1
u_2481,0,none,-1
u_2482,0,none,-1
u_2483,0,none,-1
u_2484,0,none,-1
u_2485,0,none,-1
u_2486,0,none,-1
u_2487,0,none,-1
u_2488,0,none,-1
u_2489,0,none,-1
u_2490,0,none,-1
u_2491,0,none,-1
u_2492,0,none,-1
u_2493,0,none,-1
u_2494,0,none,-1
u_2495,0,none,-1
u_2496,0,none,-1
u_2497,0,none,-1
u_2498,0,none,-1
u_2499,0,none,-1
u_2500,0,none,-1
u_2501,0,none,-1
u_2502,0,none,-1
u_2503,0,none,-1
u_2504,0,none,-1
u_2505,0,none,-1
u_2506,0,none,-1
u_2507,0,none,-1
u_2508,0,none,-1
u_2509,0,none,-1
u_2510,0,none,-1
u_2511,0,none,-1
u_2512,0,none,-1
u_2513,0,none,-1
u_2514,0,none,-1
u_2515,0,none,-1
u_2516,0,none,-1
u_2517,0,none,-1
u_2518,0,none,-1
u_2519,0,none,-1
u_2520,0,none,-1
u_2521,0,none,-1
u_2522,0,none,-1
u_2523,0,none,-1
u_2524,0,none,-1
u_2525,0,none,-1
u_2526,0,none,-1
u_2527,0,none,-1
u_2528,0,none,-1
u_2529,0,none,-1
u_2530,0,none,-1
u_2531,0,none,-1
u_2532,0,none,-1
u_2533,0,none,-1
u_2534,0,none,-1
u_2535,0,none,-1
u_2536,0,none,-1
u_2537,0,none,-1
u_2538,0,none,-1
u_2539,0,none,-1
u_2540,0,none,-1
u_2541,0,none,-1
u_2542,0,none,-1
u_2543,0,none,-1
u_2544,0,none,-1
u_2545,0,none,-1
u_2546,0,none,-1
u_2547,0,none,-1
u_2548,0,none,-1
u_2549,0,none,-1
u_2550,0,none,-1
u_2551,0,none,-1
u_2552,0,none,-1
u_2553,0,none,-1
u_2554,0,none,-1
u_2555,0,none,-1
u_2556,0,none,-1
u_2557,0,none,-1
u_2558,0,none,-1
u_2559,0,none,-1
u_2560,0,none,-1
u_2561,0,none,-1
u_2562,0,none,-1
u_2563,0,none,-1
u_2564,0,none,-1
u_2565,0,none,-1
u_2566,0,none,-1
u_2567,0,none,-1
u_2568,0,none,-1
u_2569,0,none,-1
u_2570,0,none,-1
u_2571,0,none,-1
u_2572,0,none,-1
u_2573,0,none,-1
u_2574,0,none,-1
u_2575,0,none,-1
u_2576,0,none,-1
u_2577,0,none,-1
u_2578,0,none,-1
u_2579,0,none,-1
u_2580,0,none,-1
u_2581,0,none,-1
u_2582,0,none,-1
u_2583,0,none,-1
u_2584,0,none,-1
u_2585,0,none,-1
u_2586,0,none,-1
u_2587,0,none,-1
u_2588,0,none,-1
u_2589,0,none,-1
u_2590,0,none,-1
u_2591,0,none,-1
u_2592,0,none,-1
u_2593,0,none,-1
u_2594,0,none,-1
u_2595,0,none,-1
u_2596,0,none,-1
u_2597,0,none,-1
u_2598,0,none,-1
u_2599,0,none,-1
u_2600,0,none,-1
u_2601,0,none,-1
u_2602,0,none,-1
u_2603,0,none,-1
u_2604,0,none,-1
u_2605,0,none,-1
u_2606,0,none,-1
u_2607,0,none,-1
u_2608,0,none,-1
u_2609,0,none,-1
u_2610,0,none,-1
u_2611,0,none,-1
u_2612,0,none,-1
u_2613,0,none,-1
u_2614,0,none,-1
u_2615,0,none,-1
u_2616,0,none,-1
u_2617,0,none,-1
u_2618,0,none,-1
u_2619,0,none,-1
u_2620,0,none,-1
u_2621,0,none,-1
u_2622,0,none,-1
u_2623,0,none,-1
u_2624,0,none,-1
u_2625,0,none,-1
u_2626,0,none,-1
u_2627,0,none,-1
u_2628,0,none,-1
u_2629,0,none,-1
u_2630,0,none,-1
u_2631,0,none,-1
u_2632,0,none,-1
u_2633,0,none,-1
u_2634,0,none,-1
u_2635,0,none,-1
u_2636,0,none,-1
u_2637,0,none,-1
u_2638,0,none,-1
u_2639,0,none,-1
u_2640,0,none,-1
u_2641,0,none,-1
u_2642,0,none,-1
u_2643,0,none,-1
u_2644,0,none,-1
u_2645,0,none,-1
u_2646,0,none,-1
u_2647,0,none,-1
u_2648,0,none,-1
u_2649,0,none,-1
u_2650,0,none,-1
u_2651,0,none,-1
u_2652,0,none,-1
u_2653,0,none,-1
u_2654,0,none,-1
u_2655,0,none,-1
u_2656,0,none,-1
u_2657,0,none,-1
u_2658,0,none,-1
u_2659,0,none,-1
u_2660,0,none,-1
u_2661,0,none,-1
u_2662,0,none,-1
u_2663,0,none,-1
u_2664,0,none,-1
u_2665,0,none,-1
u_2666,0,none,-1
u_2667,0,none,-1
u_2668,0,none,-1
u_2669,0,none,-1
u_2670,0,none,-1
u_2671,0,none,-1
u_2672,0,none,-1
u_2673,0,none,-1
u_2674,0,none,-1
u_2675,0,none,-1
u_2676,0,none,-1
u_2677,0,none,-1
u_2678,0,none,-1
u_2679,0,none,-1
u_2680,0,none,-1
u_2681,0,none,-1
u_2682,0,none,-1
u_2683,0,none,-1
u_2684,0,none,-1
u_2685,0,none,-1
u_2686,0,none,-1
u_2687,0,none,-1
u_2688,0,none,-1
u_2689,0,none,-1
u_2690,0,none,-1
u_2691,0,none,-1
u_2692,0,none,-1
u_2693,0,none,-1
u_2694,0,none,-1
u_2695,0,none,-1
u_2696,0,none,-1
u_2697,0,none,-1
u_2698,0,none,-1
u_2699,0,none,-1
u_2700,0,none,-1
u_2701,0,none,-1
u_2702,0,none,-1
u_2703,0,none,-1
u_2704,0,none,-1
u_2705,0,none,-1
u_2706,0,none,-1
u_2707,0,none,-1
u_2708,0,none,-1
u_2709,0,none,-1
u_2710,0,none,-1
u_2711,0,none,-1
u_2712,0,none,-1
u_2713,0,none,-1
u_2714,0,none,-1
u_2715,0,none,-1
u_2716,0,none,-1
u_2717,0,none,-1
u_2718,0,none,-1
u_2719,0,none,-1
u_2720,0,none,-1
u_2721,0,none,-1
u_2722,0,none,-1
u_2723,0,none,-1
u_2724,0,none,-1
u_2725,0,none,-1
u_2726,0,none,-1
u_2727,0,none,-1
u_2728,0,none,-1
u_2729,0,none,-1
u_2730,0,none,-1
u_2731,0,none,-1
u_2732,0,none,-1
u_2733,0,none,-1
u_2734,0,none,-1
u_2735,0,none,-1
u_2736,0,none,-1
u_2737,0,none,-1
u_2738,0,none,-1
u_2739,0,none,-1
u_2740,0,none,-1
u_2741,0,none,-1
u_2742,0,none,-1
u_2743,0,none,-1
u_2744,0,none,-1
u_2745,0,none,-1
u_2746,0,none,-1
u_2747,0,none,-1
u_2748,0,none,-1
u_2749,0,none,-1
u_2750,0,none,-1
u_2751,0,none,-1
u_2752,0,none,-1
u_2753,0,none,-1
u_2754,0,none,-1
u_2755,0,none,-1
u_2756,0,none,-1
u_2757,0,none,-1
u_2758,0,none,-1
u_2759,0,none,-1
u_2760,0,none,-1
u_2761,0,none,-1
u_2762,0,none,-1
u_2763,0,none,-1
u_2764,0,none,-1
u_2765,0,none,-1
u_2766,0,none,-1
u_2767,0,none,-1
u_2768,0,none,-1
u_2769,0,none,-1
u_2770,0,none,-1
u_2771,0,none,-1
u_2772,0,none,-1
u_2773,0,none,-1
u_2774,0,none,-1
u_2775,0,none,-1
u_2776,0,none,-1
u_2777,0,none,-1
u_2778,0,none,-1
u_2779,0,none,-1
u_2780,0,none,-1
u_2781,0,none,-1
u_2782,0,none,-1
u_2783,0,none,-1
u_2784,0,none,-1
u_2785,0,none,-1
u_2786,0,none,-1
u_2787,0,none,-1
u_2788,0,none,-1
u_2789,0,none,-1
u_2790,0,none,-1
u_2791,0,none,-1
u_2792,0,none,-1
u_2793,0,none,-1
u_2794,0,none,-1
u_2795,0,none,-1
u_2796,0,none,-1
u_2797,0,none,-1
u_2798,0,none,-1
u_2799,0,none,-1
u_2800,0,none,-1
u_2801,0,none,-1
u_2802,0,none,-1
u_2803,0,none,-1
u_2804,0,none,-1
u_2805,0,none,-1
u_2806,0,none,-1
u_2807,0,none,-1
u_2808,0,none,-1
u_2809,0,none,-1
u_2810,0,none,-1
u_2811,0,none,-1
u_2812,0,none,-1
u_2813,0,none,-1
u_2814,0,none,-1
u_2815,0,none,-1
u_2816,0,none,-1
u_2817,0,none,-1
u_2818,0,none,-1
u_2819,0,none,-1
u_2820,0,none,-1
u_2821,0,none,-1
u_2822,0,none,-1
u_2823,0,none,-1
u_2824,0,none,-1
u_2825,0,none,-1
u_2826,0,none,-1
u_2827,0,none,-1
u_2828,0,none,-1
u_2829,0,none,-1
u_2830,0,none,-1
u_2831,0,none,-1
u_2832,0,none,-1
u_2833,0,none,-1
u_2834,0,none,-1
u_2835,0,none,-1
u_2836,0,none,-1
u_2837,0,none,-1
u_2838,0,none,-1
u_2839,0,none,-1
u_2840,0,none,-1
u_2841,0,none,-1
u_2842,0,none,-1
u_2843,0,none,-1
u_2844,0,none,-1
u_2845,0,none,-1
u_2846,0,none,-1
u_2847,0,none,-1
u_2848,0,none,-1
u_2849,0,none,-1
u_2850,0,none,-1
u_2851,0,none,-1
u_2852,0,none,-1
u_2853,0,none,-1
u_2854,0,none,-1
u_2855,0,none,-1
u_2856,0,none,-1
u_2857,0,none,-1
u_2858,0,none,-1
u_2859,0,none,-1
u_2860,0,none,-1
u_2861,0,none,-1
u_2862,0,none,-1
u_2863,0,none,-1
u_2864,0,none,-1
u_2865,0,none,-1
u_2866,0,none,-1
u_2867,0,none,-1
u_2868,0,none,-1
u_2869,0,none,-1
u_2870,0,none,-1
u_2871,0,none,-1
u_2872,0,none,-1
u_2873,0,none,-1
u_2874,0,none,-1
u_2875,0,none,-1
u_2876,0,none,-1
u_2877,0,none,-1
u_2878,0,none,-1
u_2879,0,none,-1
u_2880,0,none,-1
u_2881,0,none,-1
u_2882,0,none,-1
u_2883,0,none,-1
u_2884,0,none,-1
u_2885,0,none,-1
u_2886,0,none,-1
u_2887,0,none,-1
u_2888,0,none,-1
u_2889,0,none,-1
u_2890,0,none,-1
u_2891,0,none,-1
u_2892,0,none,-1
u_2893,0,none,-1
u_2894,0,none,-1
u_2895,0,none,-1
u_2896,0,none,-1
u_2897,0,none,-1
u_2898,0,none,-1
u_2899,0,none,-1
u_2900,0,none,-1
u_2901,0,none,-1
u_2902,0,none,-1
u_2903,0,none,-1
u_2904,0,none,-1
u_2905,0,none,-1
u_2906,0,none,-1
u_2907,0,none,-1
u_2908,0,none,-1
u_2909,0,none,-1
u_2910,0,none,-1
u_2911,0,none,-1
u_2912,0,none,-1
u_2913,0,none,-1
u_2914,0,none,-1
u_2915,0,none,-1
u_2916,0,none,-1
u_2917,0,none,-1
u_2918,0,none,-1
u_2919,0,none,-1
u_2920,0,none,-1
u_2921,0,none,-1
u_2922,0,none,-1
u_2923,0,none,-1
u_2924,0,none,-1
u_2925,0,none,-1
u_2926,0,none,-1
u_2927,0,none,-1
u_2928,0,none,-1
u_2929,0,none,-1
u_2930,0,none,-1
u_2931,0,none,-1
u_2932,0,none,-1
u_2933,0,none,-1
u_2934,0,none,-1
u_2935,0,none,-1
u_2936,0,none,-1
u_2937,0,none,-1
u_2938,0,none,-1
u_2939,0,none,-1
u_2940,0,none,-1
u_2941,0,none,-1
u_2942,0,none,-1
u_2943,0,none,-1
u_2944,0,none,-1
u_2945,0,none,-1
u_2946,0,none,-1
u_2947,0,none,-1
u_2948,0,none,-1
u_2949,0,none,-1
u_2950,0,none,-1
u_2951,0,none,-1
u_2952,0,none,-1
u_2953,0,none,-1
u_2954,0,none,-1
u_2955,0,none,-1
u_2956,0,none,-1
u_2957,0,none,-1
u_2958,0,none,-1
u_2959,0,none,-1
u_2960,0,none,-1
u_2961,0,none,-1
u_2962,0,none,-1
u_2963,0,none,-1
u_2964,0,none,-1
u_2965,0,none,-1
u_2966,0,none,-1
u_2967,0,none,-1
u_2968,0,none,-1
u_2969,0,none,-1
u_2970,0,none,-1
u_2971,0,none,-1
u_2972,0,none,-1
u_2973,0,none,-1
u_2974,0,none,-1
u_2975,0,none,-1
u_2976,0,none,-1
u_2977,0,none,-1
u_2978,0,none,-1
u_2979,0,none,-1
u_2980,0,none,-1
u_2981,0,none,-1
u_2982,0,none,-1
u_2983,0,none,-1
u_2984,0,none,-1
u_2985,0,none,-1
u_2986,0,none,-1
u_2987,0,none,-1
u_2988,0,none,-1
u_2989,0,none,-1
u_2990,0,none,-1
u_2991,0,none,-1
u_2992,0,none,-1
u_2993,0,none,-1
u_2994,0,none,-1
u_2995,0,none,-1
u_2996,0,none,-1
u_2997,0,none,-1
u_2998,0,none,-1
u_2999,0,none,-1
u_3000,0,none,-1
u_3001,0,none,-1
u_3002,0,none,-1
u_3003,0,none,-1
u_3004,0,none,-1
u_3005,0,none,-1
u_3006,0,none,-1
u_3007,0,none,-1
u_3008,0,none,-1
u_3009,0,none,-1
u_3010,0,none,-1
u_3011,0,none,-1
u_3012,0,none,-1
u_3013,0,none,-1
u_3014,0,none,-1
u_3015,0,none,-1
u_3016,0,none,-1
u_3017,0,none,-1
u_3018,0,none,-1
u_3019,0,none,-1
u_3020,0,none,-1
u_3021,0,none,-1
u_3022,0,none,-1
u_3023,0,none,-1
u_3024,0,none,-1
u_3025,0,none,-1
u_3026,0,none,-1
u_3027,0,none,-1
u_3028,0,none,-1
u_3029,0,none,-1
u_3030,0,none,-1
u_3031,0,none,-1
u_3032,0,none,-1
u_3033,0,none,-1
u_3034,0,none,-1
u_3035,0,none,-1
u_3036,0,none,-1
u_3037,0,none,-1
u_3038,0,none,-1
u_3039,0,none,-1
u_3040,0,none,-1
u_3041,0,none,-1
u_3042,0,none,-1
u_3043,0,none,-1
u_3044,0,none,-1
u_3045,0,none,-1
u_3046,0,none,-1
u_3047,0,none,-1
u_3048,0,none,-1
u_3049,0,none,-1
u_3050,0,none,-1
u_3051,0,none,-1
u_3052,0,none,-1
u_3053,0,none,-1
u_3054,0,none,-1
u_3055,0,none,-1
u_3056,0,none,-1
u_3057,0,none,-1
u_3058,0,none,-1
u_3059,0,none,-1
u_3060,0,none,-1
u_3061,0,none,-1
u_3062,0,none,-1
u_3063,0,none,-1
u_3064,0,none,-1
u_3065,0,none,-1
u_3066,0,none,-1
u_3067,0,none,-1
u_3068,0,none,-1
u_3069,0,none,-1
u_3070,0,none,-1
u_3071,0,none,-1
u_3072,0,none,-1
u_3073,0,none,-1
u_3074,0,none,-1
u_3075,0,none,-1
u_3076,0,none,-1
u_3077,0,none,-1
u_3078,0,none,-1
u_3079,0,none,-1
u_3080,0,none,-1
u_3081,0,none,-1
u_3082,0,none,-1
u_3083,0,none,-1
u_3084,0,none,-1
u_3085,0,none,-1
u_3086,0,none,-1
u_3087,0,none,-1
u_3088,0,none,-1
u_3089,0,none,-1
u_3090,0,none,-1
u_3091,0,none,-1
u_3092,0,none,-1
u_3093,0,none,-1
u_3094,0,none,-1
u_3095,0,none,-1
u_3096,0,none,-1
u_3097,0,none,-1
u_3098,0,none,-1
u_3099,0,none,-1
u_3100,0,none,-1
u_3101,0,none,-1
u_3102,0,none,-1
u_3103,0,none,-1
u_3104,0,none,-1
u_3105,0,none,-1
u_3106,0,none,-1
u_3107,0,none,-1
u_3108,0,none,-1
u_3109,0,none,-1
u_3110,0,none,-1
u_3111,0,none,-1
u_3112,0,none,-1
u_3113,0,none,-1
u_3114,0,none,-1
u_3115,0,none,-1
u_3116,0,none,-1
u_3117,0,none,-1
u_3118,0,none,-1
u_3119,0,none,-1
u_3120,0,none,-1
u_3121,0,none,-1
u_3122,0,none,-1
u_3123,0,none,-1
u_3124,0,none,-1
u_3125,0,none,-1
u_3126,0,none,-1
u_3127,0,none,-1
u_3128,0,none,-1
u_3129,0,none,-1
u_3130,0,none,-1
u_3131,0,none,-1
u_3132,0,none,-1
u_3133,0,none,-1
u_3134,0,none,-1
u_3135,0,none,-1
u_3136,0,none,-1
u_3137,0,none,-1
u_3138,0,none,-1
u_3139,0,none,-1
u_3140,0,none,-1
u_3141,0,none,-1
u_3142,0,none,-1
u_3143,0,none,-1
u_3144,0,none,-1
u_3145,0,none,-1
u_3146,0,none,-1
u_3147,0,none,-1
u_3148,0,none,-1
u_3149,0,none,-1
u_3150,0,none,-1
u_3151,0,none,-1
u_3152,0,none,-1
u_3153,0,none,-1
u_3154,0,none,-1
u_3155,0,none,-1
u_3156,0,none,-1
u_3157,0,none,-1
u_3158,0,none,-1
u_3159,0,none,-1
u_3160,0,none,-1
u_3161,0,none,-1
u_3162,0,none,-1
u_3163,0,none,-1
u_3164,0,none,-1
u_3165,0,none,-1
u_3166,0,none,-1
u_3167,0,none,-1
u_3168,0,none,-1
u_3169,0,none,-1
u_3170,0,none,-1
u_3171,0,none,-1
u_3172,0,none,-1
u_3173,0,none,-1
u_3174,0,none,-1
u_3175,0,none,-1
u_3176,0,none,-1
u_3177,0,none,-1
u_3178,0,none,-1
u_3179,0,none,-1
u_3180,0,none,-1
u_3181,0,none,-1
u_3182,0,none,-1
u_3183,0,none,-1
u_3184,0,none,-1
u_3185,0,none,-1
u_3186,0,none,-1
u_3187,0,none,-1
u_3188,0,none,-1
u_3189,0,none,-1
u_3190,0,none,-1
u_3191,0,none,-1
u_3192,0,none,-1
u_3193,0,none,-1
u_3194,0,none,-1
u_3195,0,none,-1
u_3196,0,none,-1
u_3197,0,none,-1
u_3198,0,none,-1
u_3199,0,none,-1
u_3200,0,none,-1
u_3201,0,none,-1
u_3202,0,none,-1
u_3203,0,none,-1
u_3204,0,none,-1
u_3205,0,none,-1
u_3206,0,none,-1
u_3207,0,none,-1
u_3208,0,none,-1
u_3209,0,none,-1
u_3210,0,none,-1
u_3211,0,none,-1
u_3212,0,none,-1
u_3213,0,none,-1
u_3214,0,none,-1
u_3215,0,none,-1
u_3216,0,none,-1
u_3217,0,none,-1
u_3218,0,none,-1
u_3219,0,none,-1
u_3220,0,none,-1
u_3221,0,none,-1
u_3222,0,none,-1
u_3223,0,none,-1
u_3224,0,none,-1
u_3225,0,none,-1
u_3226,0,none,-1
u_3227,0,none,-1
u_3228,0,none,-1
u_3229,0,none,-1
u_3230,0,none,-1
u_3231,0,none,-1
u_3232,0,none,-1
u_3233,0,none,-1
u_3234,0,none,-1
u_3235,0,none,-1
u_3236,0,none,-1
u_3237,0,none,-1
u_3238,0,none,-1
u_3239,0,none,-1
u_3240,0,none,-1
u_3241,0,none,-1
u_3242,0,none,-1
u_3243,0,none,-1
u_3244,0,none,-1
u_3245,0,none,-1
u_3246,0,none,-1
u_3247,0,none,-1
u_3248,0,none,-1
u_3249,0,none,-1
u_3250,0,none,-1
u_3251,0,none,-1
u_3252,0,none,-1
u_3253,0,none,-1
u_3254,0,none,-1
u_3255,0,none,-1
u_3256,0,none,-1
u_3257,0,none,-1
u_3258,0,none,-1
u_3259,0,none,-1
u_3260,0,none,-1
u_3261,0,none,-1
u_3262,0,none,-1
u_3263,0,none,-1
u_3264,0,none,-1
u_3265,0,none,-1
u_3266,0,none,-1
u_3267,0,none,-1
u_3268,0,none,-1
u_3269,0,none,-1
u_3270,0,none,-1
u_3271,0,none,-1
u_3272,0,none,-1
u_3273,0,none,-1
u_3274,0,none,-1
u_3275,0,none,-1
u_3276,0,none,-1
u_3277,0,none,-1
u_3278,0,none,-1
u_3279,0,none,-1
u_3280,0,none,-1
u_3281,0,none,-1
u_3282,0,none,-1
u_3283,0,none,-1
u_3284,0,none,-1
u_3285,0,none,-1
u_3286,0,none,-1
u_3287,0,none,-1
u_3288,0,none,-1
u_3289,0,none,-1
u_3290,0,none,-1
u_3291,0,none,-1
u_3292,0,none,-1
u_3293,0,none,-1
u_3294,0,none,-1
u_3295,0,none,-1
u_3296,0,none,-1
u_3297,0,none,-1
u_3298,0,none,-1
u_3299,0,none,-1
u_3300,0,none,-1
u_3301,0,none,-1
u_3302,0,none,-1
u_3303,0,none,-1
u_3304,0,none,-1
u_3305,0,none,-1
u_3306,0,none,-1
u_3307,0,none,-1
u_3308,0,none,-1
u_3309,0,none,-1
u_3310,0,none,-1
u_3311,0,none,-1
u_3312,0,none,-1
u_3313,0,none,-1
u_3314,0,none,-1
u_3315,0,none,-1
u_3316,0,none,-1
u_3317,0,none,-1
u_3318,0,none,-1
u_3319,0,none,-1
u_3320,0,none,-1
u_3321,0,none,-1
u_3322,0,none,-1
u_3323,0,none,-1
u_3324,0,none,-1
u_3325,0,none,-1
u_3326,0,none,-1
u_3327,0,none,-1
u_3328,0,none,-1
u_3329,0,none,-1
u_3330,0,none,-1
u_3331,0,none,-1
u_3332,0,none,-1
u_3333,0,none,-1
u_3334,0,none,-1
u_3335,0,none,-1
u_3336,0,none,-1
u_3337,0,none,-1
u_3338,0,none,-1
u_3339,0,none,-1
u_3340,0,none,-1
u_3341,0,none,-1
u_3342,0,none,-1
u_3343,0,none,-1
u_3344,0,none,-1
u_3345,0,none,-1
u_3346,0,none,-1
u_3347,0,none,-1
u_3348,0,none,-1
u_3349,0,none,-1
u_3350,0,none,-1
u_3351,0,none,-1
u_3352,0,none,-1
u_3353,0,none,-1
u_3354,0,none,-1
u_3355,0,none,-1
u_3356,0,none,-1
u_3357,0,none,-1
u_3358,0,none,-1
u_3359,0,none,-1
u_3360,0,none,-1
u_3361,0,none,-1
u_3362,0,none,-1
u_3363,0,none,-1
u_3364,0,none,-1
u_3365,0,none,-1
u_3366,0,none,-1
u_3367,0,none,-1
u_3368,0,none,-1
u_3369,0,none,-1
u_3370,0,none,-1
u_3371,0,none,-1
u_3372,0,none,-1
u_3373,0,none,-1
u_3374,0,none,-1
u_3375,0,none,-1
u_3376,0,none,-1
u_3377,0,none,-1
u_3378,0,none,-1
u_3379,0,none,-1
u_3380,0,none,-1
u_3381,0,none,-1
u_3382,0,none,-1
u_3383,0,none,-1
u_3384,0,none,-1
u_3385,0,none,-1
u_3386,0,none,-1
u_3387,0,none,-1
u_3388,0,none,-1
u_3389,0,none,-1
u_3390,0,none,-1
u_3391,0,none,-1
u_3392,0,none,-1
u_3393,0,none,-1
u_3394,0,none,-1
u_3395,0,none,-1
u_3396,0,none,-1
u_3397,0,none,-1
u_3398,0,none,-1
u_3399,0,none,-1
u_3400,0,none,-1
u_3401,0,none,-1
u_3402,0,none,-1
u_3403,0,none,-1
u_3404,0,none,-1
u_3405,0,none,-1
u_3406,0,none,-1
u_3407,0,none,-1
u_3408,0,none,-1
u_3409,0,none,-1
u_3410,0,none,-1
u_3411,0,none,-1
u_3412,0,none,-1
u_3413,0,none,-1
u_3414,0,none,-1
u_3415,0,none,-1
u_3416,0,none,-1
u_3417,0,none,-1
u_3418,0,none,-1
u_3419,0,none,-1
u_3420,0,none,-1
u_3421,0,none,-1
u_3422,0,none,-1
u_3423,0,none,-1
u_3424,0,none,-1
u_3425,0,none,-1
u_3426,0,none,-1
u_3427,0,none,-1
u_3428,0,none,-1
u_3429,0,none,-1
u_3430,0,none,-1
u_3431,0,none,-1
u_3432,0,none,-1
u_3433,0,none,-1
u_3434,0,none,-1
u_3435,0,none,-1
u_3436,0,none,-1
u_3437,0,none,-1
u_3438,0,none,-1
u_3439,0,none,-1
u_3440,0,none,-1
u_3441,0,none,-1
u_3442,0,none,-1
u_3443,0,none,-1
u_3444,0,none,-1
u_3445,0,none,-1
u_3446,0,none,-1
u_3447,0,none,-1
u_3448,0,none,-1
u_3449,0,none,-1
u_3450,0,none,-1
u_3451,0,none,-1
u_3452,0,none,-1
u_3453,0,none,-1
u_3454,0,none,-1
u_3455,0,none,-1
u_3456,0,none,-1
u_3457,0,none,-1
u_3458,0,none,-1
u_3459,0,none,-1
u_3460,0,none,-1
u_3461,0,none,-1
u_3462,0,none,-1
u_3463,0,none,-1
u_3464,0,none,-1
u_3465,0,none,-1
u_3466,0,none,-1
u_3467,0,none,-1
u_3468,0,none,-1
u_3469,0,none,-1
u_3470,0,none,-1
u_3471,0,none,-1
u_3472,0,none,-1
u_3473,0,none,-1
u_3474,0,none,-1
u_3475,0,none,-1
u_3476,0,none,-1
u_3477,0,none,-1
u_3478,0,none,-1
u_3479,0,none,-1
u_3480,0,none,-1
u_3481,0,none,-1
u_3482,0,none,-1
u_3483,0,none,-1
u_3484,0,none,-1
u_3485,0,none,-1
u_3486,0,none,-1
u_3487,0,none,-1
u_3488,0,none,-1
u_3489,0,none,-1
u_3490,0,none,-1
u_3491,0,none,-1
u_3492,0,none,-1
u_3493,0,none,-1
u_3494,0,none,-1
u_3495,0,none,-1
u_3496,0,none,-1
u_3497,0,none,-1
u_3498,0,none,-1
u_3499,0,none,-1
u_3500,0,none,-1
u_3501,0,none,-1
u_3502,0,none,-1
u_3503,0,none,-1
u_3504,0,none,-1
u_3505,0,none,-1
u_3506,0,none,-1
u_3507,0,none,-1
u_3508,0,none,-1
u_3509,0,none,-1
u_3510,0,none,-1
u_3511,0,none,-1
u_3512,0,none,-1
u_3513,0,none,-1
u_3514,0,none,-1
u_3515,0,none,-1
u_3516,0,none,-1
u_3517,0,none,-1
u_3518,0,none,-1
u_3519,0,none,-1
u_3520,0,none,-1
u_3521,0,none,-1
u_3522,0,none,-1
u_3523,0,none,-1
u_3524,0,none,-1
u_3525,0,none,-1
u_3526,0,none,-1
u_3527,0,none,-1
u_3528,0,none,-1
u_3529,0,none,-1
u_3530,0,none,-1
u_3531,0,none,-1
u_3532,0,none,-1
u_3533,0,none,-1
u_3534,0,none,-1
u_3535,0,none,-1
u_3536,0,none,-1
u_3537,0,none,-1
u_3538,0,none,-1
u_3539,0,none,-1
u_3540,0,none,-1
u_3541,0,none,-1
u_3542,0,none,-1
u_3543,0,none,-1
u_3544,0,none,-1
u_3545,0,none,-1
u_3546,0,none,-1
u_3547,0,none,-1
u_3548,0,none,-1
u_3549,0,none,-1
u_3550,0,none,-1
u_3551,0,none,-1
u_3552,0,none,-1
u_3553,0,none,-1
u_3554,0,none,-1
u_3555,0,none,-1
u_3556,0,none,-1
u_3557,0,none,-1
u_3558,0,none,-1
u_3559,0,none,-1
u_3560,0,none,-1
u_3561,0,none,-1
u_3562,0,none,-1
u_3563,0,none,-1
u_3564,0,none,-1
u_3565,0,none,-1
u_3566,0,none,-1
u_3567,0,none,-1
u_3568,0,none,-1
u_3569,0,none,-1
u_3570,0,none,-1
u_3571,0,none,-1
u_3572,0,none,-1
u_3573,0,none,-1
u_3574,0,none,-1
u_3575,0,none,-1
u_3576,0,none,-1
u_3577,0,none,-1
u_3578,0,none,-1
u_3579,0,none,-1
u_3580,0,none,-1
u_3581,0,none,-1
u_3582,0,none,-1
u_3583,0,none,-1
u_3584,0,none,-1
u_3585,0,none,-1
u_3586,0,none,-1
u_3587,0,none,-1
u_3588,0,none,-1
u_3589,0,none,-1
u_3590,0,none,-1
u_3591,0,none,-1
u_3592,0,none,-1
u_3593,0,none,-1
u_3594,0,none,-1
u_3595,0,none,-1
u_3596,0,none,-1
u_3597,0,none,-1
u_3598,0,none,-1
u_3599,0,none,-1
u_3600,0,none,-1
u_3601,0,none,-1
u_3602,0,none,-1
u_3603,0,none,-1
u_3604,0,none,-1
u_3605,0,none,-1
u_3606,0,none,-1
u_3607,0,none,-1
u_3608,0,none,-1
u_3609,0,none,-1
u_3610,0,none,-1
u_3611,0,none,-1
u_3612,0,none,-1
u_3613,0,none,-1
u_3614,0,none,-1
u_3615,0,none,-1
u_3616,0,none,-1
u_3617,0,none,-1
u_3618,0,none,-1
u_3619,0,none,-1
u_3620,0,none,-1
u_3621,0,none,-1
u_3622,0,none,-1
u_3623,0,none,-1
u_3624,0,none,-1
u_3625,0,none,-1
u_3626,0,none,-1
u_3627,0,none,-1
u_3628,0,none,-1
u_3629,0,none,-1
u_3630,0,none,-1
u_3631,0,none,-1
u_3632,0,none,-1
u_3633,0,none,-1
u_3634,0,none,-1
u_3635,0,none,-1
u_3636,0,none,-1
u_3637,0,none,-1
u_3638,0,none,-1
u_3639,0,none,-1
u_3640,0,none,-1
u_3641,0,none,-1
u_3642,0,none,-1
u_3643,0,none,-1
u_3644,0,none,-1
u_3645,0,none,-1
u_3646,0,none,-1
u_3647,0,none,-1
u_3648,0,none,-1
u_3649,0,none,-1
u_3650,0,none,-1
u_3651,0,none,-1
u_3652,0,none,-1
u_3653,0,none,-1
u_3654,0,none,-1
u_3655,0,none,-1
u_3656,0,none,-1
u_3657,0,none,-1
u_3658,0,none,-1
u_3659,0,none,-1
u_3660,0,none,-1
u_3661,0,none,-1
u_3662,0,none,-1
u_3663,0,none,-1
u_3664,0,none,-1
u_3665,0,none,-1
u_3666,0,none,-1
u_3667,0,none,-1
u_3668,0,none,-1
u_3669,0,none,-1
u_3670,0,none,-1
u_3671,0,none,-1
u_3672,0,none,-1
u_3673,0,none,-1
u_3674,0,none,-1
u_3675,0,none,-1
u_3676,0,none,-1
u_3677,0,none,-1
u_3678,0,none,-1
u_3679,0,none,-1
u_3680,0,none,-1
u_3681,0,none,-1
u_3682,0,none,-1
u_3683,0,none,-1
u_3684,0,none,-1
u_3685,0,none,-1
u_3686,0,none,-1
u_3687,0,none,-1
u_3688,0,none,-1
u_3689,0,none,-1
u_3690,0,none,-1
u_3691,0,none,-1
u_3692,0,none,-1
u_3693,0,none,-1
u_3694,0,none,-1
u_3695,0,none,-1
u_3696,0,none,-1
u_3697,0,none,-1
u_3698,0,none,-1
u_3699,0,none,-1
u_3700,0,none,-1
u_3701,0,none,-1
u_3702,0,none,-1
u_3703,0,none,-1
u_3704,0,none,-1
u_3705,0,none,-1
u_3706,0,none,-1
u_3707,0,none,-1
u_3708,0,none,-1
u_3709,0,none,-1
u_3710,0,none,-1
u_3711,0,none,-1
u_3712,0,none,-1
u_3713,0,none,-1
u_3714,0,none,-1
u_3715,0,none,-1
u_3716,0,none,-1
u_3717,0,none,-1
u_3718,0,none,-1
u_3719,0,none,-1
u_3720,0,none,-1
u_3721,0,none,-1
u_3722,0,none,-1
u_3723,0,none,-1
u_3724,0,none,-1
u_3725,0,none,-1
u_3726,0,none,-1
u_3727,0,none,-1
u_3728,0,none,-1
u_3729,0,none,-1
u_3730,0,none,-1
u_3731,0,none,-1
u_3732,0,none,-1
u_3733,0,none,-1
u_3734,0,none,-1
u_3735,0,none,-1
u_3736,0,none,-1
u_3737,0,none,-1
u_3738,0,none,-1
u_3739,0,none,-1
u_3740,0,none,-1
u_3741,0,none,-1
u_3742,0,none,-1
u_3743,0,none,-1
u_3744,0,none,-1
u_3745,0,none,-1
u_3746,0,none,-1
u_3747,0,none,-1
u_3748,0,none,-1
u_3749,0,none,-1
u_3750,0,none,-1
u_3751,0,none,-1
u_3752,0,none,-1
u_3753,0,none,-1
u_3754,0,none,-1
u_3755,0,none,-1
u_3756,0,none,-1
u_3757,0,none,-1
u_3758,0,none,-1
u_3759,0,none,-1
u_3760,0,none,-1
u_3761,0,none,-1
u_3762,0,none,-1
u_3763,0,none,-1
u_3764,0,none,-1
u_3765,0,none,-1
u_3766,0,none,-1
u_3767,0,none,-1
u_3768,0,none,-1
u_3769,0,none,-1
u_3770,0,none,-1
u_3771,0,none,-1
u_3772,0,none,-1
u_3773,0,none,-1
u_3774,0,none,-1
u_3775,0,none,-1
u_3776,0,none,-1
u_3777,0,none,-1
u_3778,0,none,-1
u_3779,0,none,-1
u_3780,0,none,-1
u_3781,0,none,-1
u_3782,0,none,-1
u_3783,0,none,-1
u_3784,0,none,-1
u_3785,0,none,-1
u_3786,0,none,-1
u_3787,0,none,-1
u_3788,0,none,-1
u_3789,0,none,-1
u_3790,0,none,-1
u_3791,0,none,-1
u_3792,0,none,-1
u_3793,0,none,-1
u_3794,0,none,-1
u_3795,0,none,-1
u_3796,0,none,-1
u_3797,0,none,-1
u_3798,0,none,-1
u_3799,0,none,-1
u_3800,0,none,-1
u_3801,0,none,-1
u_3802,0,none,-1
u_3803,0,none,-1
u_3804,0,none,-1
u_3805,0,none,-1
u_3806,0,none,-1
u_3807,0,none,-1
u_3808,0,none,-1
u_3809,0,none,-1
u_3810,0,none,-1
u_3811,0,none,-1
u_3812,0,none,-1
u_3813,0,none,-1
u_3814,0,none,-1
u_3815,0,none,-1
u_3816,0,none,-1
u_3817,0,none,-1
u_3818,0,none,-1
u_3819,0,none,-1
u_3820,0,none,-1
u_3821,0,none,-1
u_3822,0,none,-1
u_3823,0,none,-1
u_3824,0,none,-1
u_3825,0,none,-1
u_3826,0,none,-1
u_3827,0,none,-1
u_3828,0,none,-1
u_3829,0,none,-1
u_3830,0,none,-1
u_3831,0,none,-1
u_3832,0,none,-1
u_3833,0,none,-1
u_3834,0,none,-1
u_3835,0,none,-1
u_3836,0,none,-1
u_3837,0,none,-1
u_3838,0,none,-1
u_3839,0,none,-1
u_3840,0,none,-1
u_3841,0,none,-1
u_3842,0,none,-1
u_3843,0,none,-1
u_3844,0,none,-1
u_3845,0,none,-1
u_3846,0,none,-1
u_3847,0,none,-1
u_3848,0,none,-1
u_3849,0,none,-1
u_3850,0,none,-1
u_3851,0,none,-1
u_3852,0,none,-1
u_3853,0,none,-1
u_3854,0,none,-1
u_3855,0,none,-1
u_3856,0,none,-1
u_3857,0,none,-1
u_3858,0,none,-1
u_3859,0,none,-1
u_3860,0,none,-1
u_3861,0,none,-1
u_3862,0,none,-1
u_3863,0,none,-1
u_3864,0,none,-1
u_3865,0,none,-1
u_3866,0,none,-1
u_3867,0,none,-1
u_3868,0,none,-1
u_3869,0,none,-1
u_3870,0,none,-1
u_3871,0,none,-1
u_3872,0,none,-1
u_3873,0,none,-1
u_3874,0,none,-1
u_3875,0,none,-1
u_3876,0,none,-1
u_3877,0,none,-1
u_3878,0,none,-1
u_3879,0,none,-1
u_3880,0,none,-1
u_3881,0,none,-1
u_3882,0,none,-1
u_3883,0,none,-1
u_3884,0,none,-1
u_3885,0,none,-1
u_3886,0,none,-1
u_3887,0,none,-1
u_3888,0,none,-1
u_3889,0,none,-1
u_3890,0,none,-1
u_3891,0,none,-1
u_3892,0,none,-1
u_3893,0,none,-1
u_3894,0,none,-1
u_3895,0,none,-1
u_3896,0,none,-1
u_3897,0,none,-1
u_3898,0,none,-1
u_3899,0,none,-1
u_3900,0,none,-1
u_3901,0,none,-1
u_3902,0,none,-1
u_3903,0,none,-1
u_3904,0,none,-1
u_3905,0,none,-1
u_3906,0,none,-1
u_3907,0,none,-1
u_3908,0,none,-1
u_3909,0,none,-1
u_3910,0,none,-1
u_3911,0,none,-1
u_3912,0,none,-1
u_3913,0,none,-1
u_3914,0,none,-1
u_3915,0,none,-1
u_3916,0,none,-1
u_3917,0,none,-1
u_3918,0,none,-1
u_3919,0,none,-1
u_3920,0,none,-1
u_3921,0,none,-1
u_3922,0,none,-1
u_3923,0,none,-1
u_3924,0,none,-1
u_3925,0,none,-1
u_3926,0,none,-1
u_3927,0,none,-1
u_3928,0,none,-1
u_3929,0,none,-1
u_3930,0,none,-1
u_3931,0,none,-1
u_3932,0,none,-1
u_3933,0,none,-1
u_3934,0,none,-1
u_3935,0,none,-1
u_3936,0,none,-1
u_3937,0,none,-1
u_3938,0,none,-1
u_3939,0,none,-1
u_3940,0,none,-1
u_3941,0,none,-1
u_3942,0,none,-1
u_3943,0,none,-1
u_3944,0,none,-1
u_3945,0,none,-1
u_3946,0,none,-1
u_3947,0,none,-1
u_3948,0,none,-1
u_3949,0,none,-1
u_3950,0,none,-1
u_3951,0,none,-1
u_3952,0,none,-1
u_3953,0,none,-1
u_3954,0,none,-1
u_3955,0,none,-1
u_3956,0,none,-1
u_3957,0,none,-1
u_3958,0,none,-1
u_3959,0,none,-1
u_3960,0,none,-1
u_3961,0,none,-1
u_3962,0,none,-1
u_3963,0,none,-1
u_3964,0,none,-1
u_3965,0,none,-1
u_3966,0,none,-1
u_3967,0,none,-1
u_3968,0,none,-1
u_3969,0,none,-1
u_3970,0,none,-1
u_3971,0,none,-1
u_3972,0,none,-1
u_3973,0,none,-1
u_3974,0,none,-1
u_3975,0,none,-1
u_3976,0,none,-1
u_3977,0,none,-1
u_3978,0,none,-1
u_3979,0,none,-1
u_3980,0,none,-1
u_3981,0,none,-1
u_3982,0,none,-1
u_3983,0,none,-1
u_3984,0,none,-1
u_3985,0,none,-1
u_3986,0,none,-1
u_3987,0,none,-1
u_3988,0,none,-1
u_3989,0,none,-1
u_3990,0,none,-1
u_3991,0,none,-1
u_3992,0,none,-1
u_3993,0,none,-1
u_3994,0,none,-1
u_3995,0,none,-1
u_3996,0,none,-1
u_3997,0,none,-1
u_3998,0,none,-1
u_3999,0,none,-1
u_4000,0,none,-1
u_4001,0,none,-1
u_4002,0,none,-1
u_4003,0,none,-1
u_4004,0,none,-1
u_4005,0,none,-1
u_4006,0,none,-1
u_4007,0,none,-1
u_4008,0,none,-1
u_4009,0,none,-1
u_4010,0,none,-1
u_4011,0,none,-1
u_4012,0,none,-1
u_4013,0,none,-1
u_4014,0,none,-1
u_4015,0,none,-1
u_4016,0,none,-1
u_4017,0,none,-1
u_4018,0,none,-1
u_4019,0,none,-1
u_4020,0,none,-1
u_4021,0,none,-1
u_4022,0,none,-1
u_4023,0,none,-1
u_4024,0,none,-1
u_4025,0,none,-1
u_4026,0,none,-1
u_4027,0,none,-1
u_4028,0,none,-1
u_4029,0,none,-1
u_4030,0,none,-1
u_4031,0,none,-1
u_4032,0,none,-1
u_4033,0,none,-1
u_4034,0,none,-1
u_4035,0,none,-1
u_4036,0,none,-1
u_4037,0,none,-1
u_4038,0,none,-1
u_4039,0,none,-1
u_4040,0,none,-1
u_4041,0,none,-1
u_4042,0,none,-1
u_4043,0,none,-1
u_4044,0,none,-1
u_4045,0,none,-1
u_4046,0,none,-1
u_4047,0,none,-1
u_4048,0,none,-1
u_4049,0,none,-1
u_4050,0,none,-1
u_4051,0,none,-1
u_4052,0,none,-1
u_4053,0,none,-1
u_4054,0,none,-1
u_4055,0,none,-1
u_4056,0,none,-1
u_4057,0,none,-1
u_4058,0,none,-1
u_4059,0,none,-1
u_4060,0,none,-1
u_4061,0,none,-1
u_4062,0,none,-1
u_4063,0,none,-1
u_4064,0,none,-1
u_4065,0,none,-1
u_4066,0,none,-1
u_4067,0,none,-1
u_4068,0,none,-1
u_4069,0,none,-1
u_4070,0,none,-1
u_4071,0,none,-1
u_4072,0,none,-1
u_4073,0,none,-1
u_4074,0,none,-1
u_4075,0,none,-1
u_4076,0,none,-1
u_4077,0,none,-1
u_4078,0,none,-1
u_4079,0,none,-1
u_4080,0,none,-1
u_4081,0,none,-1
u_4082,0,none,-1
u_4083,0,none,-1
u_4084,0,none,-1
u_4085,0,none,-1
u_4086,0,none,-1
u_4087,0,none,-1
u_4088,0,none,-1
u_4089,0,none,-1
u_4090,0,none,-1
u_4091,0,none,-1
u_4092,0,none,-1
u_4093,0,none,-1
u_4094,0,none,-1
u_4095,0,none,-1
u_4096,0,none,-1
u_4097,0,none,-1
u_4098,0,none,-1
u_4099,0,none,-1
u_4100,0,none,-1
u_4101,0,none,-1
u_4102,0,none,-1
u_4103,0,none,-1
u_4104,0,none,-1
u_4105,0,none,-1
u_4106,0,none,-1
u_4107,0,none,-1
u_4108,0,none,-1
u_4109,0,none,-1
u_4110,0,none,-1
u_4111,0,none,-1
u_4112,0,none,-1
u_4113,0,none,-1
u_4114,0,none,-1
u_4115,0,none,-1
u_4116,0,none,-1
u_4117,0,none,-1
u_4118,0,none,-1
u_4119,0,none,-1
u_4120,0,none,-1
u_4121,0,none,-1
u_4122,0,none,-1
u_4123,0,none,-1
u_4124,0,none,-1
u_4125,0,none,-1
u_4126,0,none,-1
u_4127,0,none,-1
u_4128,0,none,-1
u_4129,0,none,-1
u_4130,0,none,-1
u_4131,0,none,-1
u_4132,0,none,-1
u_4133,0,none,-1
u_4134,0,none,-1
u_4135,0,none,-1
u_4136,0,none,-1
u_4137,0,none,-1
u_4138,0,none,-1
u_4139,0,none,-1
u_4140,0,none,-1
u_4141,0,none,-1
u_4142,0,none,-1
u_4143,0,none,-1
u_4144,0,none,-1
u_4145,0,none,-1
u_4146,0,none,-1
u_4147,0,none,-1
u_4148,0,none,-1
u_4149,0,none,-1
u_4150,0,none,-1
u_4151,0,none,-1
u_4152,0,none,-1
u_4153,0,none,-1
u_4154,0,none,-1
u_4155,0,none,-1
u_4156,0,none,-1
u_4157,0,none,-1
u_4158,0,none,-1
u_4159,0,none,-1
u_4160,0,none,-1
u_4161,0,none,-1
u_4162,0,none,-1
u_4163,0,none,-1
u_4164,0,none,-1
u_4165,0,none,-1
u_4166,0,none,-1
u_4167,0,none,-1
u_4168,0,none,-1
u_4169,0,none,-1
u_4170,0,none,-1
u_4171,0,none,-1
u_4172,0,none,-1
u_4173,0,none,-1
u_4174,0,none,-1
u_4175,0,none,-1
u_4176,0,none,-1
u_4177,0,none,-1
u_4178,0,none,-1
u_4179,0,none,-1
u_4180,0,none,-1
u_4181,0,none,-1
u_4182,0,none,-1
u_4183,0,none,-1
u_4184,0,none,-1
u_4185,0,none,-1
u_4186,0,none,-1
u_4187,0,none,-1
u_4188,0,none,-1
u_4189,0,none,-1
u_4190,0,none,-1
u_4191,0,none,-1
u_4192,0,none,-1
u_4193,0,none,-1
u_4194,0,none,-1
u_4195,0,none,-1
u_4196,0,none,-1
u_4197,0,none,-1
u_4198,0,none,-1
u_4199,0,none,-1
u_4200,0,none,-1
u_4201,0,none,-1
u_4202,0,none,-1
u_4203,0,none,-1
u_4204,0,none,-1
u_4205,0,none,-1
u_4206,0,none,-1
u_4207,0,none,-1
u_4208,0,none,-1
u_4209,0,none,-1
u_4210,0,none,-1
u_4211,0,none,-1
u_4212,0,none,-1
u_4213,0,none,-1
u_4214,0,none,-1
u_4215,0,none,-1
u_4216,0,none,-1
u_4217,0,none,-1
u_4218,0,none,-1
u_4219,0,none,-1
u_4220,0,none,-1
u_4221,0,none,-1
u_4222,0,none,-1
u_4223,0,none,-1
u_4224,0,none,-1
u_4225,0,none,-1
u_4226,0,none,-1
u_4227,0,none,-1
u_4228,0,none,-1
u_4229,0,none,-1
u_4230,0,none,-1
u_4231,0,none,-1
u_4232,0,none,-1
u_4233,0,none,-1
u_4234,0,none,-1
u_4235,0,none,-1
u_4236,0,none,-1
u_4237,0,none,-1
u_4238,0,none,-1
u_4239,0,none,-1
u_4240,0,none,-1
u_4241,0,none,-1
u_4242,0,none,-1
u_4243,0,none,-1
u_4244,0,none,-1
u_4245,0,none,-1
u_4246,0,none,-1
u_4247,0,none,-1
u_4248,0,none,-1
u_4249,0,none,-1
u_4250,0,none,-1
u_4251,0,none,-1
u_4252,0,none,-1
u_4253,0,none,-1
u_4254,0,none,-1
u_4255,0,none,-1
u_4256,0,none,-1
u_4257,0,none,-1
u_4258,0,none,-1
u_4259,0,none,-1
u_4260,0,none,-1
u_4261,0,none,-1
u_4262,0,none,-1
u_4263,0,none,-1
u_4264,0,none,-1
u_4265,0,none,-1
u_4266,0,none,-1
u_4267,0,none,-1
u_4268,0,none,-1
u_4269,0,none,-1
u_4270,0,none,-1
u_4271,0,none,-1
u_4272,0,none,-1
u_4273,0,none,-1
u_4274,0,none,-1
u_4275,0,none,-1
u_4276,0,none,-1
u_4277,0,none,-1
u_4278,0,none,-1
u_4279,0,none,-1
u_4280,0,none,-1
u_4281,0,none,-1
u_4282,0,none,-1
u_4283,0,none,-1
u_4284,0,none,-1
u_4285,0,none,-1
u_4286,0,none,-1
u_4287,0,none,-1
u_4288,0,none,-1
u_4289,0,none,-1
u_4290,0,none,-1
u_4291,0,none,-1
u_4292,0,none,-1
u_4293,0,none,-1
u_4294,0,none,-1
u_4295,0,none,-1
u_4296,0,none,-1
u_4297,0,none,-1
u_4298,0,none,-1
u_4299,0,none,-1
u_4300,0,none,-1
u_4301,0,none,-1
u_4302,0,none,-1
u_4303,0,none,-1
u_4304,0,none,-1
u_4305,0,none,-1
u_4306,0,none,-1
u_4307,0,none,-1
u_4308,0,none,-1
u_4309,0,none,-1
u_4310,0,none,-1
u_4311,0,none,-1
u_4312,0,none,-1
u_4313,0,none,-1
u_4314,0,none,-1
u_4315,0,none,-1
u_4316,0,none,-1
u_4317,0,none,-1
u_4318,0,none,-1
u_4319,0,none,-1
u_4320,0,none,-1
u_4321,0,none,-1
u_4322,0,none,-1
u_4323,0,none,-1
u_4324,0,none,-1
u_4325,0,none,-1
u_4326,0,none,-1
u_4327,0,none,-1
u_4328,0,none,-1
u_4329,0,none,-1
u_4330,0,none,-1
u_4331,0,none,-1
u_4332,0,none,-1
u_4333,0,none,-1
u_4334,0,none,-1
u_4335,0,none,-1
u_4336,0,none,-1
u_4337,0,none,-1
u_4338,0,none,-1
u_4339,0,none,-1
u_4340,0,none,-1
u_4341,0,none,-1
u_4342,0,none,-1
u_4343,0,none,-1
u_4344,0,none,-1
u_4345,0,none,-1
u_4346,0,none,-1
u_4347,0,none,-1
u_4348,0,none,-1
u_4349,0,none,-1
u_4350,0,none,-1
u_4351,0,none,-1
u_4352,0,none,-1
u_4353,0,none,-1
u_4354,0,none,-1
u_4355,0,none,-1
u_4356,0,none,-1
u_4357,0,none,-1
u_4358,0,none,-1
u_4359,0,none,-1
u_4360,0,none,-1
u_4361,0,none,-1
u_4362,0,none,-1
u_4363,0,none,-1
u_4364,0,none,-1
u_4365,0,none,-1
u_4366,0,none,-1
u_4367,0,none,-1
u_4368,0,none,-1
u_4369,0,none,-1
u_4370,0,none,-1
u_4371,0,none,-1
u_4372,0,none,-1
u_4373,0,none,-1
u_4374,0,none,-1
u_4375,0,none,-1
u_4376,0,none,-1
u_4377,0,none,-1
u_4378,0,none,-1
u_4379,0,none,-1
u_4380,0,none,-1
u_4381,0,none,-1
u_4382,0,none,-1
u_4383,0,none,-1
u_4384,0,none,-1
u_4385,0,none,-1
u_4386,0,none,-1
u_4387,0,none,-1
u_4388,0,none,-1
u_4389,0,none,-1
u_4390,0,none,-1
u_4391,0,none,-1
u_4392,0,none,-1
u_4393,0,none,-1
u_4394,0,none,-1
u_4395,0,none,-1
u_4396,0,none,-1
u_4397,0,none,-1
u_4398,0,none,-1
u_4399,0,none,-1
u_4400,0,none,-1
u_4401,0,none,-1
u_4402,0,none,-1
u_4403,0,none,-1
u_4404,0,none,-1
u_4405,0,none,-1
u_4406,0,none,-1
u_4407,0,none,-1
u_4408,0,none,-1
u_4409,0,none,-1
u_4410,0,none,-1
u_4411,0,none,-1
u_4412,0,none,-1
u_4413,0,none,-1
u_4414,0,none,-1
u_4415,0,none,-1
u_4416,0,none,-1
u_4417,0,none,-1
u_4418,0,none,-1
u_4419,0,none,-1
u_4420,0,none,-1
u_4421,0,none,-1
u_4422,0,none,-1
u_4423,0,none,-1
u_4424,0,none,-1
u_4425,0,none,-1
u_4426,0,none,-1
u_4427,0,none,-1
u_4428,0,none,-1
u_4429,0,none,-1
u_4430,0,none,-1
u_4431,0,none,-1
u_4432,0,none,-1
u_4433,0,none,-1
u_4434,0,none,-1
u_4435,0,none,-1
u_4436,0,none,-1
u_4437,0,none,-1
u_4438,0,none,-1
u_4439,0,none,-1
u_4440,0,none,-1
u_4441,0,none,-1
u_4442,0,none,-1
u_4443,0,none,-1
u_4444,0,none,-1
u_4445,0,none,-1
u_4446,0,none,-1
u_4447,0,none,-1
u_4448,0,none,-1
u_4449,0,none,-1
u_4450,0,none,-1
u_4451,0,none,-1
u_4452,0,none,-1
u_4453,0,none,-1
u_4454,0,none,-1
u_4455,0,none,-1
u_4456,0,none,-1
u_4457,0,none,-1
u_4458,0,none,-1
u_4459,0,none,-1
u_4460,0,none,-1
u_4461,0,none,-1
u_4462,0,none,-1
u_4463,0,none,-1
u_4464,0,none,-1
u_4465,0,none,-1
u_4466,0,none,-1
u_4467,0,none,-1
u_4468,0,none,-1
u_4469,0,none,-1
u_4470,0,none,-1
u_4471,0,none,-1
u_4472,0,none,-1
u_4473,0,none,-1
u_4474,0,none,-1
u_4475,0,none,-1
u_4476,0,none,-1
u_4477,0,none,-1
u_4478,0,none,-1
u_4479,0,none,-1
u_4480,0,none,-1
u_4481,0,none,-1
u_4482,0,none,-1
u_4483,0,none,-1
u_4484,0,none,-1
u_4485,0,none,-1
u_4486,0,none,-1
u_4487,0,none,-1
u_4488,0,none,-1
u_4489,0,none,-1
u_4490,0,none,-1
u_4491,0,none,-1
u_4492,0,none,-1
u_4493,0,none,-1
u_4494,0,none,-1
u_4495,0,none,-1
u_4496,0,none,-1
u_4497,0,none,-1
u_4498,0,none,-1
u_4499,0,none,-1
u_4500,0,none,-1
u_4501,0,none,-1
u_4502,0,none,-1
u_4503,0,none,-1
u_4504,0,none,-1
u_4505,0,none,-1
u_4506,0,none,-1
u_4507,0,none,-1
u_4508,0,none,-1
u_4509,0,none,-1
u_4510,0,none,-1
u_4511,0,none,-1
u_4512,0,none,-1
u_4513,0,none,-1
u_4514,0,none,-1
u_4515,0,none,-1
u_4516,0,none,-1
u_4517,0,none,-1
u_4518,0,none,-1
u_4519,0,none,-1
u_4520,0,none,-1
u_4521,0,none,-1
u_4522,0,none,-1
u_4523,0,none,-1
u_4524,0,none,-1
u_4525,0,none,-1
u_4526,0,none,-1
u_4527,0,none,-1
u_4528,0,none,-1
u_4529,0,none,-1
u_4530,0,none,-1
u_4531,0,none,-1
u_4532,0,none,-1
u_4533,0,none,-1
u_4534,0,none,-1
u_4535,0,none,-1
u_4536,0,none,-1
u_4537,0,none,-1
u_4538,0,none,-1
u_4539,0,none,-1
u_4540,0,none,-1
u_4541,0,none,-1
u_4542,0,none,-1
u_4543,0,none,-1
u_4544,0,none,-1
u_4545,0,none,-1
u_4546,0,none,-1
u_4547,0,none,-1
u_4548,0,none,-1
u_4549,0,none,-1
u_4550,0,none,-1
u_4551,0,none,-1
u_4552,0,none,-1
u_4553,0,none,-1
u_4554,0,none,-1
u_4555,0,none,-1
u_4556,0,none,-1
u_4557,0,none,-1
u_4558,0,none,-1
u_4559,0,none,-1
u_4560,0,none,-1
u_4561,0,none,-1
u_4562,0,none,-1
u_4563,0,none,-1
u_4564,0,none,-1
u_4565,0,none,-1
u_4566,0,none,-1
u_4567,0,none,-1
u_4568,0,none,-1
u_4569,0,none,-1
u_4570,0,none,-1
u_4571,0,none,-1
u_4572,0,none,-1
u_4573,0,none,-1
u_4574,0,none,-1
u_4575,0,none,-1
u_4576,0,none,-1
u_4577,0,none,-1
u_4578,0,none,-1
u_4579,0,none,-1
u_4580,0,none,-1
u_4581,0,none,-1
u_4582,0,none,-1
u_4583,0,none,-1
u_4584,0,none,-1
u_4585,0,none,-1
u_4586,0,none,-1
u_4587,0,none,-1
u_4588,0,none,-1
u_4589,0,none,-1
u_4590,0,none,-1
u_4591,0,none,-1
u_4592,0,none,-1
u_4593,0,none,-1
u_4594,0,none,-1
u_4595,0,none,-1
u_4596,0,none,-1
u_4597,0,none,-1
u_4598,0,none,-1
u_4599,0,none,-1
u_4600,0,none,-1
u_4601,0,none,-1
u_4602,0,none,-1
u_4603,0,none,-1
u_4604,0,none,-1
u_4605,0,none,-1
u_4606,0,none,-1
u_4607,0,none,-1
u_4608,0,none,-1
u_4609,0,none,-1
u_4610,0,none,-1
u_4611,0,none,-1
u_4612,0,none,-1
u_4613,0,none,-1
u_4614,0,none,-1
u_4615,0,none,-1
u_4616,0,none,-1
u_4617,0,none,-1
u_4618,0,none,-1
u_4619,0,none,-1
u_4620,0,none,-1
u_4621,0,none,-1
u_4622,0,none,-1
u_4623,0,none,-1
u_4624,0,none,-1
u_4625,0,none,-1
u_4626,0,none,-1
u_4627,0,none,-1
u_4628,0,none,-1
u_4629,0,none,-1
u_4630,0,none,-1
u_4631,0,none,-1
u_4632,0,none,-1
u_4633,0,none,-1
u_4634,0,none,-1
u_4635,0,none,-1
u_4636,0,none,-1
u_4637,0,none,-1
u_4638,0,none,-1
u_4639,0,none,-1
u_4640,0,none,-1
u_4641,0,none,-1
u_4642,0,none,-1
u_4643,0,none,-1
u_4644,0,none,-1
u_4645,0,none,-1
u_4646,0,none,-1
u_4647,0,none,-1
u_4648,0,none,-1
u_4649,0,none,-1
u_4650,0,none,-1
u_4651,0,none,-1
u_4652,0,none,-1
u_4653,0,none,-1
u_4654,0,none,-1
u_4655,0,none,-1
u_4656,0,none,-1
u_4657,0,none,-1
u_4658,0,none,-1
u_4659,0,none,-1
u_4660,0,none,-1
u_4661,0,none,-1
u_4662,0,none,-1
u_4663,0,none,-1
u_4664,0,none,-1
u_4665,0,none,-1
u_4666,0,none,-1
u_4667,0,none,-1
u_4668,0,none,-1
u_4669,0,none,-1
u_4670,0,none,-1
u_4671,0,none,-1
u_4672,0,none,-1
u_4673,0,none,-1
u_4674,0,none,-1
u_4675,0,none,-1
u_4676,0,none,-1
u_4677,0,none,-1
u_4678,0,none,-1
u_4679,0,none,-1
u_4680,0,none,-1
u_4681,0,none,-1
u_4682,0,none,-1
u_4683,0,none,-1
u_4684,0,none,-1
u_4685,0,none,-1
u_4686,0,none,-1
u_4687,0,none,-1
u_4688,0,none,-1
u_4689,0,none,-1
u_4690,0,none,-1
u_4691,0,none,-1
u_4692,0,none,-1
u_4693,0,none,-1
u_4694,0,none,-1
u_4695,0,none,-1
u_4696,0,none,-1
u_4697,0,none,-1
u_4698,0,none,-1
u_4699,0,none,-1
u_4700,0,none,-1
u_4701,0,none,-1
u_4702,0,none,-1
u_4703,0,none,-1
u_4704,0,none,-1
u_4705,0,none,-1
u_4706,0,none,-1
u_4707,0,none,-1
u_4708,0,none,-1
u_4709,0,none,-1
u_4710,0,none,-1
u_4711,0,none,-1
u_4712,0,none,-1
u_4713,0,none,-1
u_4714,0,none,-1
u_4715,0,none,-1
u_4716,0,none,-1
u_4717,0,none,-1
u_4718,0,none,-1
u_4719,0,none,-1
u_4720,0,none,-1
u_4721,0,none,-1
u_4722,0,none,-1
u_4723,0,none,-1
u_4724,0,none,-1
u_4725,0,none,-1
u_4726,0,none,-1
u_4727,0,none,-1
u_4728,0,none,-1
u_4729,0,none,-1
u_4730,0,none,-1
u_4731,0,none,-1
u_4732,0,none,-1
u_4733,0,none,-1
u_4734,0,none,-1
u_4735,0,none,-1
u_4736,0,none,-1
u_4737,0,none,-1
u_4738,0,none,-1
u_4739,0,none,-1
u_4740,0,none,-1
u_4741,0,none,-1
u_4742,0,none,-1
u_4743,0,none,-1
u_4744,0,none,-1
u_4745,0,none,-1
u_4746,0,none,-1
u_4747,0,none,-1
u_4748,0,none,-1
u_4749,0,none,-1
u_4750,0,none,-1
u_4751,0,none,-1
u_4752,0,none,-1
u_4753,0,none,-1
u_4754,0,none,-1
u_4755,0,none,-1
u_4756,0,none,-1
u_4757,0,none,-1
u_4758,0,none,-1
u_4759,0,none,-1
u_4760,0,none,-1
u_4761,0,none,-1
u_4762,0,none,-1
u_4763,0,none,-1
u_4764,0,none,-1
u_4765,0,none,-1
u_4766,0,none,-1
u_4767,0,none,-1
u_4768,0,none,-1
u_4769,0,none,-1
u_4770,0,none,-1
u_4771,0,none,-1
u_4772,0,none,-1
u_4773,0,none,-1
u_4774,0,none,-1
u_4775,0,none,-1
u_4776,0,none,-1
u_4777,0,none,-1
u_4778,0,none,-1
u_4779,0,none,-1
u_4780,0,none,-1
u_4781,0,none,-1
u_4782,0,none,-1
u_4783,0,none,-1
u_4784,0,none,-1
u_4785,0,none,-1
u_4786,0,none,-1
u_4787,0,none,-1
u_4788,0,none,-1
u_4789,0,none,-1
u_4790,0,none,-1
u_4791,0,none,-1
u_4792,0,none,-1
u_4793,0,none,-1
u_4794,0,none,-1
u_4795,0,none,-1
u_4796,0,none,-1
u_4797,0,none,-1
u_4798,0,none,-1
u_4799,0,none,-1
u_4800,0,none,-1
u_4801,0,none,-1
u_4802,0,none,-1
u_4803,0,none,-1
u_4804,0,none,-1
u_4805,0,none,-1
u_4806,0,none,-1
u_4807,0,none,-1
u_4808,0,none,-1
u_4809,0,none,-1
u_4810,0,none,-1
u_4811,0,none,-1
u_4812,0,none,-1
u_4813,0,none,-1
u_4814,0,none,-1
u_4815,0,none,-1
u_4816,0,none,-1
u_4817,0,none,-1
u_4818,0,none,-1
u_4819,0,none,-1
u_4820,0,none,-1
u_4821,0,none,-1
u_4822,0,none,-1
u_4823,0,none,-1
u_4824,0,none,-1
u_4825,0,none,-1
u_4826,0,none,-1
u_4827,0,none,-1
u_4828,0,none,-1
u_4829,0,none,-1
u_4830,0,none,-1
u_4831,0,none,-1
u_4832,0,none,-1
u_4833,0,none,-1
u_4834,0,none,-1
u_4835,0,none,-1
u_4836,0,none,-1
u_4837,0,none,-1
u_4838,0,none,-1
u_4839,0,none,-1
u_4840,0,none,-1
u_4841,0,none,-1
u_4842,0,none,-1
u_4843,0,none,-1
u_4844,0,none,-1
u_4845,0,none,-1
u_4846,0,none,-1
u_4847,0,none,-1
u_4848,0,none,-1
u_4849,0,none,-1
u_4850,0,none,-1
u_4851,0,none,-1
u_4852,0,none,-1
u_4853,0,none,-1
u_4854,0,none,-1
u_4855,0,none,-1
u_4856,0,none,-1
u_4857,0,none,-1
u_4858,0,none,-1
u_4859,0,none,-1
u_4860,0,none,-1
u_4861,0,none,-1
u_4862,0,none,-1
u_4863,0,none,-1
u_4864,0,none,-1
u_4865,0,none,-1
u_4866,0,none,-1
u_4867,0,none,-1
u_4868,0,none,-1
u_4869,0,none,-1
u_4870,0,none,-1
u_4871,0,none,-1
u_4872,0,none,-1
u_4873,0,none,-1
u_4874,0,none,-1
u_4875,0,none,-1
u_4876,0,none,-1
u_4877,0,none,-1
u_4878,0,none,-1
u_4879,0,none,-1
u_4880,0,none,-1
u_4881,0,none,-1
u_4882,0,none,-1
u_4883,0,none,-1
u_4884,0,none,-1
u_4885,0,none,-1
u_4886,0,none,-1
u_4887,0,none,-1
u_4888,0,none,-1
u_4889,0,none,-1
u_4890,0,none,-1
u_4891,0,none,-1
u_4892,0,none,-1
u_4893,0,none,-1
u_4894,0,none,-1
u_4895,0,none,-1
u_4896,0,none,-1
u_4897,0,none,-1
u_4898,0,none,-1
u_4899,0,none,-1
u_4900,0,none,-1
u_4901,0,none,-1
u_4902,0,none,-1
u_4903,0,none,-1
u_4904,0,none,-1
u_4905,0,none,-1
u_4906,0,none,-1
u_4907,0,none,-1
u_4908,0,none,-1
u_4909,0,none,-1
u_4910,0,none,-1
u_4911,0,none,-1
u_4912,0,none,-1
u_4913,0,none,-1
u_4914,0,none,-1
u_4915,0,none,-1
u_4916,0,none,-1
u_4917,0,none,-1
u_4918,0,none,-1
u_4919,0,none,-1
u_4920,0,none,-1
u_4921,0,none,-1
u_4922,0,none,-1
u_4923,0,none,-1
u_4924,0,none,-1
u_4925,0,none,-1
u_4926,0,none,-1
u_4927,0,none,-1
u_4928,0,none,-1
u_4929,0,none,-1
u_4930,0,none,-1
u_4931,0,none,-1
u_4932,0,none,-1
u_4933,0,none,-1
u_4934,0,none,-1
u_4935,0,none,-1
u_4936,0,none,-1
u_4937,0,none,-1
u_4938,0,none,-1
u_4939,0,none,-1
u_4940,0,none,-1
u_4941,0,none,-1
u_4942,0,none,-1
u_4943,0,none,-1
u_4944,0,none,-1
u_4945,0,none,-1
u_4946,0,none,-1
u_4947,0,none,-1
u_4948,0,none,-1
u_4949,0,none,-1
u_4950,0,none,-1
u_4951,0,none,-1
u_4952,0,none,-1
u_4953,0,none,-1
u_4954,0,none,-1
u_4955,0,none,-1
u_4956,0,none,-1
u_4957,0,none,-1
u_4958,0,none,-1
u_4959,0,none,-1
u_4960,0,none,-1
u_4961,0,none,-1
u_4962,0,none,-1
u_4963,0,none,-1
u_4964,0,none,-1
u_4965,0,none,-1
u_4966,0,none,-1
u_4967,0,none,-1
u_4968,0,none,-1
u_4969,0,none,-1
u_4970,0,none,-1
u_4971,0,none,-1
u_4972,0,none,-1
u_4973,0,none,-1
u_4974,0,none,-1
u_4975,0,none,-1
u_4976,0,none,-1
u_4977,0,none,-1
u_4978,0,none,-1
u_4979,0,none,-1
u_4980,0,none,-1
u_4981,0,none,-1
u_4982,0,none,-1
u_4983,0,none,-1
u_4984,0,none,-1
u_4985,0,none,-1
u_4986,0,none,-1
u_4987,0,none,-1
u_4988,0,none,-1
u_4989,0,none,-1
u_4990,0,none,-1
u_4991,0,none,-1
u_4992,0,none,-1
u_4993,0,none,-1
u_4994,0,none,-1
u_4995,0,none,-1
u_4996,0,none,-1
u_4997,0,none,-1
u_4998,0,none,-1
u_4999,0,none,-1
u_5000,1,star,0
u_5001,1,star,0
u_5002,1,star,0
u_5003,1,star,0
u_5004,1,star,0
u_5005,1,star,0
u_5006,1,star,0
u_5007,1,star,0
u_5008,1,star,0
u_5009,1,star,0
u_5010,1,star,0
u_5011,1,star,0
u_5012,1,star,0
u_5013,1,star,0
u_5014,1,star,1
u_5015,1,star,1
u_5016,1,star,1
u_5017,1,star,1
u_5018,1,star,1
u_5019,1,star,1
u_5020,1,star,1
u_5021,1,star,1
u_5022,1,star,1
u_5023,1,star,1
u_5024,1,star,1
u_5025,1,star,2
u_5026,1,star,2
u_5027,1,star,2
u_5028,1,star,2
u_5029,1,star,2
u_5030,1,star,2
u_5031,1,star,2
u_5032,1,star,2
u_5033,1,star,2
u_5034,1,star,2
u_5035,1,star,2
u_5036,1,star,2
u_5037,1,star,2
u_5038,1,star,2
u_5039,1,cycle,3
u_5040,1,cycle,3
u_5041,1,cycle,3
u_5042,1,cycle,3
u_5043,1,cycle,3
u_5044,1,cycle,3
u_5045,1,cycle,3
u_5046,1,cycle,3
u_5047,1,cycle,4
u_5048,1,cycle,4
u_5049,1,cycle,4
u_5050,1,cycle,4
u_5051,1,cycle,4
u_5052,1,cycle,4
u_5053,1,cycle,4
u_5054,1,cycle,4
u_5055,1,cycle,4
u_5056,1,cycle,4
u_5057,1,cycle,5
u_5058,1,cycle,5
u_5059,1,cycle,5
u_5060,1,cycle,5
u_5061,1,cycle,5
u_5062,1,bipartite,6
u_5063,1,bipartite,6
u_5064,1,bipartite,6
u_5065,1,bipartite,6
u_5066,1,bipartite,6
u_5067,1,bipartite,6
u_5068,1,bipartite,6
u_5069,1,bipartite,6
u_5070,1,bipartite,6
u_5071,1,bipartite,6
u_5072,1,bipartite,6
u_5073,1,bipartite,6
u_5074,1,bipartite,6
u_5075,1,bipartite,6
u_5076,1,bipartite,6
u_5077,1,bipartite,6
u_5078,1,bipartite,6
u_5079,1,bipartite,6
u_5080,1,bipartite,6
u_5081,1,bipartite,7
u_5082,1,bipartite,7
u_5083,1,bipartite,7
u_5084,1,bipartite,7
u_5085,1,bipartite,7
u_5086,1,bipartite,7
u_5087,1,bipartite,7
u_5088,1,bipartite,7
u_5089,1,bipartite,7
u_5090,1,bipartite,7
u_5091,1,bipartite,7
u_5092,1,bipartite,7
u_5093,1,bipartite,7
u_5094,1,bipartite,7
u_5095,1,bipartite,7
u_5096,1,bipartite,7
u_5097,1,bipartite,8
u_5098,1,bipartite,8
u_5099,1,bipartite,8
u_5100,1,bipartite,8
u_5101,1,bipartite,8
u_5102,1,bipartite,8
u_5103,1,bipartite,8
u_5104,1,bipartite,8
u_5105,1,bipartite,8
u_5106,1,bipartite,8
u_5107,1,bipartite,8
u_5108,1,bipartite,8
u_5109,1,bipartite,8
u_5110,1,bipartite,8
u_5111,1,bipartite,8
u_5112,1,bipartite,8
u_5113,1,bipartite,8
